time,Gyr_X,Gyr_Y,Gyr_Z
0.0,0.002637,0.000168,0.009663
0.0024999999999977,0.003121,0.000875,0.009529
0.0049999999999954,0.001641,0.003671,0.008961
0.0074999999999931,0.002786,0.004179,0.008499
0.0099999999999909,0.00158,0.005457,0.012141
0.0124999999999886,0.001564,0.003187,0.011449
0.0149999999999863,0.000755,0.002254,0.010558
0.017499999999984,-0.000735,0.000498,0.009555
0.0199999999999818,-0.001015,0.002538,0.010344
0.0224999999999795,0.003351,-0.000235,0.010667
0.0249999999999772,0.001592,4.8e-05,0.008822
0.0275000000000034,0.0016,0.002039,0.006098
0.0300000000000011,0.001282,0.001081,0.008292
0.0324999999999988,0.003374,0.001279,0.008056
0.0349999999999965,0.004656,0.001217,0.007669
0.0374999999999943,0.00689,0.003854,0.007067
0.039999999999992,0.00568,0.004921,0.010218
0.0424999999999897,0.007206,0.005722,0.011937
0.0449999999999874,0.003252,0.000798,0.011126
0.0474999999999852,0.00624,0.00029,0.012336
0.0499999999999829,0.006006,-0.00056,0.011907
0.0524999999999806,0.009604,0.000818,0.009185
0.0549999999999784,0.007902,0.004955,0.010608
0.0574999999999761,0.00864,0.003456,0.008743
0.0600000000000022,0.005921,0.005371,0.010347
0.0625,0.007782,0.002687,0.009803
0.0649999999999977,0.006164,-0.000307,0.010877
0.0674999999999954,0.003701,0.001224,0.010452
0.0699999999999931,0.003047,0.0035,0.009104
0.0724999999999909,0.006255,0.003675,0.006693
0.0749999999999886,0.006806,0.001208,0.008617
0.0774999999999863,0.0076,0.000345,0.009491
0.079999999999984,0.005328,0.001469,0.009894
0.0824999999999818,0.008822,0.001616,0.009223
0.0849999999999795,0.007804,0.002047,0.010213
0.0874999999999772,0.007936,-0.000393,0.010618
0.0900000000000034,0.007591,0.005022,0.01019
0.0925000000000011,0.008865,0.004602,0.011577
0.0949999999999988,0.009472,0.001103,0.012695
0.0974999999999965,0.00625,-0.001226,0.010069
0.0999999999999943,0.007791,-0.000286,0.011959
0.102499999999992,0.012518,-0.001648,0.010597
0.1049999999999897,0.010542,0.000881,0.010491
0.1074999999999875,0.013087,0.001923,0.010327
0.1099999999999852,0.009542,0.001318,0.010651
0.1124999999999829,0.011449,0.007363,0.009345
0.1149999999999806,0.00835,0.00392,0.009125
0.1174999999999784,0.014643,0.001817,0.011902
0.1199999999999761,0.009186,0.003497,0.011779
0.1225000000000022,0.011358,2.3e-05,0.008843
0.125,0.011515,0.002884,0.013293
0.1274999999999977,0.013372,0.00345,0.013994
0.1299999999999954,0.017177,0.010861,0.014574
0.1324999999999931,0.013307,0.002591,0.014288
0.1349999999999909,0.013527,0.002208,0.016456
0.1374999999999886,0.01196,-0.001368,0.012898
0.1399999999999863,0.011554,0.003286,0.01516
0.142499999999984,0.012573,0.004519,0.016154
0.1449999999999818,0.009874,-0.000596,0.016289
0.1474999999999795,0.0115,0.000798,0.014812
0.1499999999999772,0.009788,0.002842,0.012367
0.1525000000000034,0.010532,0.001819,0.011621
0.1550000000000011,0.011604,0.001686,0.011969
0.1574999999999988,0.011254,-0.000221,0.013126
0.1599999999999966,0.009441,0.00126,0.009669
0.1624999999999943,0.01182,0.003432,0.007176
0.164999999999992,0.010504,-0.000405,0.008835
0.1674999999999897,0.010587,0.002193,0.011294
0.1699999999999875,0.005277,0.005334,0.011095
0.1724999999999852,0.009846,0.002637,0.011004
0.1749999999999829,0.005174,0.004735,0.012108
0.1774999999999806,0.006447,0.004558,0.010204
0.1799999999999784,0.006299,0.00071,0.011148
0.1824999999999761,0.000426,-0.000788,0.011332
0.1850000000000022,0.001107,0.001249,0.010279
0.1875,-0.002229,0.007603,0.011596
0.1899999999999977,-0.006264,0.002728,0.010718
0.1924999999999954,-0.008121,0.000586,0.01043
0.1949999999999931,-0.011268,0.002485,0.008733
0.1974999999999909,-0.013044,0.00164,0.009986
0.1999999999999886,-0.015098,0.000983,0.013211
0.2024999999999863,-0.015396,-3.4e-05,0.011449
0.204999999999984,-0.013474,0.000565,0.010085
0.2074999999999818,-0.017636,0.005151,0.009089
0.2099999999999795,-0.01947,0.003291,0.008593
0.2124999999999772,-0.016858,-0.000203,0.008472
0.2150000000000034,-0.020145,6e-06,0.009018
0.2175000000000011,-0.017425,-0.000377,0.007028
0.2199999999999988,-0.019026,-0.001262,0.010752
0.2224999999999966,-0.018138,0.000315,0.011591
0.2249999999999943,-0.016056,-0.001286,0.005678
0.227499999999992,-0.015767,0.002333,0.006951
0.2299999999999897,-0.01716,0.002217,0.005231
0.2324999999999875,-0.01404,-0.002863,0.007448
0.2349999999999852,-0.014344,0.001248,0.006493
0.2374999999999829,-0.009413,0.002233,0.009627
0.2399999999999806,-0.006172,0.001826,0.009591
0.2424999999999784,-0.011128,0.000682,0.010865
0.2449999999999761,-0.009269,0.004084,0.012205
0.2475000000000022,-0.005731,0.003324,0.00874
0.25,-0.00308,0.004261,0.012446
0.2524999999999977,-0.000602,0.000886,0.01493
0.2549999999999954,0.001927,0.002601,0.011466
0.2574999999999932,-0.000124,0.002525,0.009719
0.2599999999999909,-0.001711,0.000235,0.010281
0.2624999999999886,0.005574,0.003356,0.01194
0.2649999999999863,0.004511,0.001141,0.008254
0.2674999999999841,0.00613,0.005748,0.012632
0.2699999999999818,0.004523,0.000515,0.013217
0.2724999999999795,0.006115,0.004875,0.012507
0.2749999999999772,0.007721,0.000524,0.01264
0.2775000000000034,0.009463,0.002284,0.010069
0.2800000000000011,0.012497,-0.000566,0.010467
0.2824999999999988,0.010965,0.001187,0.012551
0.2849999999999966,0.012878,0.000801,0.015468
0.2874999999999943,0.01416,0.004547,0.012062
0.289999999999992,0.017454,0.004277,0.010023
0.2924999999999897,0.014215,0.000796,0.009193
0.2949999999999875,0.018205,0.002813,0.014857
0.2974999999999852,0.015486,0.007489,0.016504
0.2999999999999829,0.016876,0.006908,0.016646
0.3024999999999807,0.013669,0.004545,0.012678
0.3049999999999784,0.01161,0.006842,0.016066
0.3074999999999761,0.006483,0.001442,0.015426
0.3100000000000023,0.007526,-0.004174,0.012798
0.3125,0.003674,-0.001366,0.014118
0.3149999999999977,0.003017,0.000747,0.011841
0.3174999999999954,0.004492,0.003029,0.012174
0.3199999999999932,0.004733,0.003325,0.01265
0.3224999999999909,0.001011,0.006118,0.009597
0.3249999999999886,-0.002405,0.001418,0.010816
0.3274999999999863,-0.003119,0.002287,0.006913
0.3299999999999841,-0.003707,0.001191,0.01106
0.3324999999999818,-0.005454,0.000996,0.007417
0.3349999999999795,-0.006047,0.002445,0.009186
0.3374999999999772,-0.006281,0.000798,0.006173
0.3400000000000034,-0.009818,0.002418,0.007105
0.3425000000000011,-0.01085,0.002671,0.008918
0.3449999999999988,-0.013162,-0.000609,0.005729
0.3474999999999966,-0.011709,0.002856,0.00513
0.3499999999999943,-0.017001,-0.001271,0.00374
0.352499999999992,-0.017661,0.002862,0.003808
0.3549999999999897,-0.02083,-0.000557,0.005732
0.3574999999999875,-0.022244,-0.000496,0.008535
0.3599999999999852,-0.028697,0.000736,0.008798
0.3624999999999829,-0.023709,0.000805,0.010136
0.3649999999999807,-0.030196,0.000726,0.015665
0.3674999999999784,-0.031839,0.003895,0.014718
0.3699999999999761,-0.029415,0.00317,0.010613
0.3725000000000023,-0.031206,0.005069,0.012731
0.375,-0.030378,0.003891,0.018562
0.3774999999999977,-0.03392,0.005402,0.0155
0.3799999999999954,-0.03703,0.00537,0.01543
0.3824999999999932,-0.033464,0.002003,0.013337
0.3849999999999909,-0.036321,0.003491,0.011997
0.3874999999999886,-0.037569,0.002389,0.015668
0.3899999999999863,-0.034842,0.000256,0.014078
0.3924999999999841,-0.038381,0.001778,0.014321
0.3949999999999818,-0.040673,0.004553,0.01223
0.3974999999999795,-0.036152,0.006888,0.014535
0.3999999999999772,-0.034311,0.005957,0.013365
0.4025000000000034,-0.035404,0.004869,0.015099
0.4050000000000011,-0.036167,0.00646,0.013592
0.4074999999999988,-0.032604,0.004751,0.014599
0.4099999999999966,-0.035496,0.001178,0.018298
0.4124999999999943,-0.034128,0.002087,0.014887
0.414999999999992,-0.030376,0.00542,0.014979
0.4174999999999897,-0.029416,0.005437,0.012118
0.4199999999999875,-0.028943,0.000628,0.015809
0.4224999999999852,-0.026865,0.001223,0.013981
0.4249999999999829,-0.021063,-0.00156,0.011108
0.4274999999999807,-0.019453,0.001261,0.009803
0.4299999999999784,-0.015514,0.004449,0.01018
0.4324999999999761,-0.013369,-5.7e-05,0.010958
0.4350000000000023,-0.008069,-0.001156,0.007377
0.4375,-0.002253,-0.00032,0.005799
0.4399999999999977,0.001765,-0.00132,0.005972
0.4424999999999954,0.006875,-0.001794,0.005787
0.4449999999999932,0.009414,0.000138,0.008225
0.4474999999999909,0.015882,-0.00321,0.00855
0.4499999999999886,0.023044,-0.001678,0.010758
0.4524999999999863,0.028864,0.004462,0.011436
0.4549999999999841,0.035029,-0.000127,0.012826
0.4574999999999818,0.040472,0.003891,0.015271
0.4599999999999795,0.044373,0.001097,0.015708
0.4624999999999772,0.053336,-9.8e-05,0.014583
0.4650000000000034,0.054135,0.005161,0.014766
0.4675000000000011,0.063979,0.001907,0.016434
0.4699999999999988,0.069261,0.006335,0.015009
0.4724999999999966,0.07048,0.006511,0.017025
0.4749999999999943,0.073823,0.003109,0.013345
0.477499999999992,0.080948,0.003872,0.017356
0.4799999999999897,0.080407,0.003726,0.014717
0.4824999999999875,0.084225,0.007679,0.016702
0.4849999999999852,0.085597,0.006322,0.014869
0.4874999999999829,0.085112,0.007933,0.018007
0.4899999999999807,0.085839,0.008807,0.01711
0.4924999999999784,0.081942,0.007521,0.018201
0.4949999999999761,0.08842,0.003434,0.018448
0.4975000000000023,0.083069,0.005484,0.018173
0.5,0.078695,0.006793,0.020289
0.5024999999999977,0.076883,0.002556,0.020017
0.5049999999999955,0.078692,0.005234,0.021199
0.5074999999999932,0.07249,0.003646,0.017925
0.5099999999999909,0.072172,0.003684,0.017346
0.5124999999999886,0.069463,0.003401,0.016383
0.5149999999999864,0.068732,0.003389,0.017213
0.5174999999999841,0.062286,0.004042,0.018219
0.5199999999999818,0.062471,0.003732,0.019861
0.5224999999999795,0.058236,-0.000213,0.019371
0.5249999999999773,0.055406,0.001463,0.021625
0.5275000000000034,0.048297,0.001801,0.020667
0.5300000000000011,0.046686,0.00452,0.021113
0.5324999999999989,0.045512,0.005319,0.021788
0.5349999999999966,0.044087,0.002044,0.022931
0.5374999999999943,0.04235,0.002594,0.023264
0.539999999999992,0.038979,0.001677,0.023266
0.5424999999999898,0.03955,0.006139,0.024945
0.5449999999999875,0.036899,0.006229,0.022829
0.5474999999999852,0.034467,0.004678,0.024381
0.549999999999983,0.031614,0.009549,0.023133
0.5524999999999807,0.033175,0.006167,0.024626
0.5549999999999784,0.03112,0.004395,0.02344
0.5574999999999761,0.029132,0.004078,0.022888
0.5600000000000023,0.028031,0.00831,0.021648
0.5625,0.0255,0.004373,0.020456
0.5649999999999977,0.021928,0.005529,0.018076
0.5674999999999955,0.022583,0.004941,0.018248
0.5699999999999932,0.018562,0.003891,0.017696
0.5724999999999909,0.019272,0.007357,0.020882
0.5749999999999886,0.019512,0.007655,0.02081
0.5774999999999864,0.020599,0.00583,0.016295
0.5799999999999841,0.016437,0.002237,0.017939
0.5824999999999818,0.019097,0.002097,0.021454
0.5849999999999795,0.019111,0.004225,0.019442
0.5874999999999773,0.017475,0.005578,0.019894
0.5900000000000034,0.018304,0.005697,0.020479
0.5925000000000011,0.017487,0.002583,0.02232
0.5949999999999989,0.013734,-0.000222,0.023146
0.5974999999999966,0.018079,0.003739,0.020907
0.5999999999999943,0.01737,0.004838,0.02218
0.602499999999992,0.019623,0.003437,0.021959
0.6049999999999898,0.021099,0.006347,0.022017
0.6074999999999875,0.018544,0.005662,0.022181
0.6099999999999852,0.020211,0.006879,0.022202
0.612499999999983,0.020936,0.004855,0.025438
0.6149999999999807,0.019986,0.004444,0.024573
0.6174999999999784,0.02361,0.005157,0.026508
0.6199999999999761,0.022861,0.007298,0.026385
0.6225000000000023,0.021311,0.006207,0.031968
0.625,0.024993,0.003874,0.030801
0.6274999999999977,0.025872,0.00689,0.030053
0.6299999999999955,0.019757,0.005057,0.03401
0.6324999999999932,0.026125,0.004605,0.030368
0.6349999999999909,0.031471,0.003565,0.033958
0.6374999999999886,0.0307,0.002918,0.037334
0.6399999999999864,0.031995,0.000546,0.037237
0.6424999999999841,0.032219,0.00345,0.034753
0.6449999999999818,0.036789,0.006052,0.036458
0.6474999999999795,0.038918,0.007387,0.034141
0.6499999999999773,0.037967,0.005845,0.038549
0.6525000000000034,0.041709,0.010815,0.038504
0.6550000000000011,0.046349,0.010778,0.037667
0.6574999999999989,0.043767,0.013635,0.040103
0.6599999999999966,0.050228,0.016288,0.04217
0.6624999999999943,0.050946,0.015675,0.042117
0.664999999999992,0.052615,0.016584,0.043546
0.6674999999999898,0.054725,0.01922,0.047693
0.6699999999999875,0.058683,0.016468,0.048249
0.6724999999999852,0.059216,0.021856,0.050872
0.674999999999983,0.062572,0.020198,0.050697
0.6774999999999807,0.06449,0.024075,0.051454
0.6799999999999784,0.066669,0.02531,0.053024
0.6824999999999761,0.067129,0.028578,0.054967
0.6850000000000023,0.068903,0.031127,0.059569
0.6875,0.070737,0.03271,0.063185
0.6899999999999977,0.070854,0.033455,0.063443
0.6924999999999955,0.072549,0.035693,0.064322
0.6949999999999932,0.073135,0.037126,0.066833
0.6974999999999909,0.073754,0.039581,0.069407
0.6999999999999886,0.074825,0.040484,0.072578
0.7024999999999864,0.068107,0.040796,0.075974
0.7049999999999841,0.073598,0.042938,0.078139
0.7074999999999818,0.067166,0.043789,0.077879
0.7099999999999795,0.071394,0.039055,0.081118
0.7124999999999773,0.066917,0.042928,0.084657
0.7150000000000034,0.067224,0.045739,0.089529
0.7175000000000011,0.06408,0.045574,0.086818
0.7199999999999989,0.063232,0.047124,0.095128
0.7224999999999966,0.061097,0.049325,0.097293
0.7249999999999943,0.060461,0.046258,0.104784
0.727499999999992,0.055023,0.045974,0.105117
0.7299999999999898,0.053825,0.047604,0.114284
0.7324999999999875,0.051076,0.044035,0.119024
0.7349999999999852,0.047777,0.044594,0.126757
0.737499999999983,0.040822,0.042355,0.130229
0.7399999999999807,0.039352,0.039857,0.137015
0.7424999999999784,0.031509,0.037212,0.142027
0.7449999999999761,0.029436,0.031378,0.147634
0.7475000000000023,0.026201,0.02958,0.152566
0.75,0.019542,0.03,0.160646
0.7524999999999977,0.015233,0.027092,0.167131
0.7549999999999955,0.006192,0.024285,0.173583
0.7574999999999932,0.003382,0.024281,0.180424
0.7599999999999909,-0.001213,0.023144,0.185654
0.7624999999999886,-0.004302,0.022291,0.19422
0.7649999999999864,-0.012977,0.016291,0.201195
0.7674999999999841,-0.020379,0.014958,0.209266
0.7699999999999818,-0.023411,0.013907,0.215008
0.7724999999999795,-0.02905,0.010177,0.223581
0.7749999999999773,-0.032756,0.004678,0.229072
0.7775000000000034,-0.042325,0.004303,0.23432
0.7800000000000011,-0.0469,0.000822,0.245921
0.7824999999999989,-0.049669,0.000169,0.251546
0.7849999999999966,-0.059159,-0.001238,0.254648
0.7874999999999943,-0.063096,-0.000857,0.264416
0.789999999999992,-0.066352,-0.002937,0.26895
0.7924999999999898,-0.074743,0.000135,0.276759
0.7949999999999875,-0.075151,0.001066,0.280357
0.7974999999999852,-0.080135,-0.004698,0.288503
0.799999999999983,-0.080524,-0.007768,0.291739
0.8024999999999807,-0.087087,-0.002004,0.298602
0.8049999999999784,-0.090458,-0.001045,0.304683
0.8074999999999761,-0.091492,0.002062,0.311814
0.8100000000000023,-0.092655,0.001667,0.317121
0.8125,-0.09542,0.008089,0.319067
0.8149999999999977,-0.09613,0.006432,0.32611
0.8174999999999955,-0.102384,0.013519,0.333592
0.8199999999999932,-0.094548,0.014564,0.337933
0.8224999999999909,-0.09888,0.019196,0.342636
0.8249999999999886,-0.09953,0.021851,0.344899
0.8274999999999864,-0.09982,0.026122,0.349838
0.8299999999999841,-0.098723,0.02793,0.352541
0.8324999999999818,-0.09702,0.034993,0.358509
0.8349999999999795,-0.095488,0.040137,0.360721
0.8374999999999773,-0.092921,0.043024,0.369234
0.8400000000000034,-0.094771,0.046215,0.370384
0.8425000000000011,-0.096038,0.051128,0.377106
0.8449999999999989,-0.094131,0.0573,0.381509
0.8474999999999966,-0.091374,0.060541,0.387178
0.8499999999999943,-0.085109,0.064326,0.389352
0.852499999999992,-0.085951,0.069482,0.392655
0.8549999999999898,-0.081176,0.076466,0.395843
0.8574999999999875,-0.080037,0.080777,0.398878
0.8599999999999852,-0.081655,0.086883,0.403183
0.862499999999983,-0.079826,0.089363,0.404755
0.8649999999999807,-0.072944,0.095988,0.411163
0.8674999999999784,-0.070471,0.100016,0.410726
0.8699999999999761,-0.068687,0.101963,0.414551
0.8725000000000023,-0.068271,0.112393,0.425103
0.875,-0.063024,0.116963,0.427838
0.8774999999999977,-0.056644,0.122993,0.431307
0.8799999999999955,-0.05617,0.127529,0.435377
0.8824999999999932,-0.052837,0.130945,0.438701
0.8849999999999909,-0.050063,0.136379,0.439359
0.8874999999999886,-0.042902,0.141249,0.444169
0.8899999999999864,-0.038277,0.146901,0.448168
0.8924999999999841,-0.036059,0.151584,0.450603
0.8949999999999818,-0.031155,0.153811,0.453904
0.8974999999999795,-0.030369,0.16076,0.454553
0.8999999999999773,-0.022635,0.161339,0.457824
0.9025000000000034,-0.020602,0.167519,0.459783
0.9050000000000012,-0.018628,0.174032,0.460544
0.9074999999999988,-0.0137,0.175682,0.464858
0.9099999999999966,-0.01096,0.1798,0.466651
0.9124999999999944,-0.005345,0.181247,0.468079
0.914999999999992,-0.006755,0.187682,0.469296
0.9174999999999898,-0.000559,0.190706,0.473245
0.9199999999999876,0.003091,0.188025,0.477456
0.9224999999999852,0.002944,0.187312,0.475778
0.924999999999983,0.003282,0.192266,0.477266
0.9274999999999808,0.006675,0.19351,0.481435
0.9299999999999784,0.004838,0.193311,0.480414
0.932499999999976,0.00599,0.193597,0.483397
0.9350000000000024,0.005932,0.194718,0.484034
0.9375,0.006143,0.192682,0.484557
0.9399999999999976,0.005277,0.190509,0.483765
0.9424999999999956,0.00319,0.192025,0.485092
0.9449999999999932,0.004635,0.189065,0.488334
0.9474999999999908,0.001998,0.184764,0.492021
0.9499999999999886,0.002851,0.184255,0.488042
0.9524999999999864,0.000113,0.18286,0.491028
0.954999999999984,0.000111,0.178617,0.489552
0.9574999999999818,-0.006917,0.179454,0.494302
0.9599999999999796,-0.008979,0.171334,0.490663
0.9624999999999772,-0.012769,0.170741,0.493445
0.9650000000000034,-0.012431,0.166386,0.493483
0.9675000000000012,-0.018053,0.163878,0.494593
0.9699999999999988,-0.023715,0.163298,0.499397
0.9724999999999966,-0.023937,0.157412,0.502626
0.9749999999999944,-0.027406,0.150958,0.502346
0.977499999999992,-0.034875,0.147601,0.503098
0.9799999999999898,-0.039645,0.145736,0.505327
0.9824999999999876,-0.043972,0.13955,0.509649
0.9849999999999852,-0.04641,0.131341,0.507987
0.987499999999983,-0.053675,0.128204,0.512032
0.9899999999999808,-0.059231,0.122103,0.518717
0.9924999999999784,-0.065473,0.11576,0.519204
0.994999999999976,-0.068453,0.107757,0.521799
0.9975000000000024,-0.077556,0.102303,0.526281
1.0,-0.088637,0.098877,0.528531
1.0024999999999975,-0.091466,0.092759,0.532087
1.0049999999999957,-0.100057,0.085364,0.54129
1.0074999999999932,-0.10547,0.077548,0.544525
1.009999999999991,-0.115876,0.073067,0.54599
1.0124999999999886,-0.120845,0.063821,0.55623
1.0149999999999864,-0.125866,0.061315,0.560916
1.017499999999984,-0.134911,0.054532,0.564332
1.0199999999999818,-0.142716,0.049623,0.568195
1.0224999999999795,-0.146361,0.042276,0.569408
1.0249999999999773,-0.15204,0.040489,0.578838
1.0275000000000034,-0.157784,0.034317,0.580647
1.0300000000000011,-0.160769,0.031415,0.585672
1.0324999999999989,-0.164202,0.032382,0.587075
1.0349999999999966,-0.166926,0.031591,0.592534
1.0374999999999943,-0.168467,0.030188,0.597324
1.039999999999992,-0.164901,0.028452,0.60051
1.0424999999999898,-0.170546,0.03048,0.59686
1.0449999999999875,-0.171666,0.027602,0.604399
1.0474999999999852,-0.17105,0.028346,0.60387
1.049999999999983,-0.169612,0.037032,0.605549
1.052499999999981,-0.169571,0.033859,0.608211
1.0549999999999784,-0.169666,0.037929,0.607965
1.057499999999976,-0.170502,0.040794,0.612158
1.0600000000000025,-0.168677,0.037552,0.608201
1.0625,-0.166871,0.043431,0.60755
1.0649999999999975,-0.167206,0.045047,0.610844
1.0674999999999957,-0.163884,0.048793,0.610697
1.0699999999999932,-0.163576,0.049506,0.610684
1.072499999999991,-0.16175,0.054483,0.612164
1.0749999999999886,-0.156973,0.054135,0.612495
1.0774999999999864,-0.155827,0.059041,0.61402
1.079999999999984,-0.15542,0.060861,0.61789
1.0824999999999818,-0.150284,0.064866,0.616536
1.0849999999999795,-0.150855,0.066815,0.615637
1.0874999999999773,-0.14624,0.069407,0.617298
1.0900000000000034,-0.141676,0.069233,0.618211
1.0925000000000011,-0.13814,0.071115,0.615848
1.0949999999999989,-0.136498,0.076603,0.616344
1.0974999999999966,-0.133531,0.075545,0.620518
1.0999999999999943,-0.129788,0.075644,0.622756
1.102499999999992,-0.126283,0.077122,0.619926
1.1049999999999898,-0.126296,0.083431,0.620661
1.1074999999999875,-0.125971,0.084767,0.618521
1.1099999999999852,-0.12054,0.085207,0.620744
1.112499999999983,-0.119069,0.083817,0.616715
1.114999999999981,-0.114262,0.087918,0.617343
1.1174999999999784,-0.118916,0.089624,0.616377
1.119999999999976,-0.117394,0.09087,0.616205
1.1225000000000025,-0.112355,0.08859,0.613691
1.125,-0.113786,0.088868,0.614563
1.1274999999999975,-0.116041,0.088558,0.612103
1.1299999999999957,-0.118728,0.082918,0.610372
1.1324999999999932,-0.120156,0.086211,0.610603
1.134999999999991,-0.116983,0.083304,0.609583
1.1374999999999886,-0.119254,0.082608,0.614112
1.1399999999999864,-0.120693,0.086225,0.612537
1.142499999999984,-0.116991,0.084554,0.610461
1.1449999999999818,-0.120258,0.085198,0.611539
1.1474999999999795,-0.122827,0.08053,0.610129
1.1499999999999773,-0.117759,0.080874,0.609616
1.1525000000000034,-0.122938,0.077985,0.608948
1.1550000000000011,-0.124675,0.079023,0.612899
1.1574999999999989,-0.122572,0.079874,0.610914
1.1599999999999966,-0.124396,0.08129,0.608431
1.1624999999999943,-0.125454,0.075596,0.609066
1.164999999999992,-0.128518,0.079334,0.609639
1.1674999999999898,-0.128466,0.07837,0.609579
1.1699999999999875,-0.126729,0.076386,0.608221
1.1724999999999852,-0.128089,0.076694,0.609332
1.174999999999983,-0.125349,0.076407,0.610444
1.177499999999981,-0.127918,0.075921,0.612629
1.1799999999999784,-0.127901,0.07263,0.609015
1.182499999999976,-0.1321,0.071045,0.609916
1.1850000000000025,-0.131634,0.076378,0.612281
1.1875,-0.13033,0.075164,0.614879
1.1899999999999975,-0.126573,0.072081,0.610011
1.1924999999999957,-0.129177,0.076494,0.615037
1.1949999999999932,-0.131306,0.072912,0.614183
1.197499999999991,-0.130336,0.074736,0.616533
1.1999999999999886,-0.126857,0.075743,0.618327
1.2024999999999864,-0.12811,0.073399,0.619295
1.204999999999984,-0.129786,0.074186,0.616675
1.2074999999999818,-0.126491,0.072925,0.616634
1.2099999999999795,-0.123151,0.071738,0.621433
1.2124999999999773,-0.126424,0.073667,0.622925
1.2150000000000034,-0.130977,0.069367,0.623999
1.2175000000000011,-0.128081,0.070841,0.629018
1.2199999999999989,-0.12777,0.066829,0.62824
1.2224999999999966,-0.128672,0.067762,0.634389
1.2249999999999943,-0.128669,0.066938,0.634357
1.227499999999992,-0.130276,0.06297,0.63725
1.2299999999999898,-0.136048,0.060397,0.640238
1.2324999999999875,-0.131643,0.061292,0.643609
1.2349999999999852,-0.129721,0.057957,0.645601
1.237499999999983,-0.133024,0.056926,0.651179
1.239999999999981,-0.130352,0.052237,0.650967
1.2424999999999784,-0.135778,0.053313,0.656703
1.244999999999976,-0.132741,0.049464,0.664804
1.2475000000000025,-0.135513,0.046866,0.661879
1.25,-0.136676,0.045268,0.662803
1.2524999999999975,-0.136384,0.046339,0.666923
1.2549999999999957,-0.133733,0.048571,0.670002
1.2574999999999932,-0.140511,0.042843,0.670997
1.259999999999991,-0.136513,0.040535,0.670412
1.2624999999999886,-0.141814,0.043959,0.674103
1.2649999999999864,-0.143109,0.043764,0.677488
1.267499999999984,-0.14146,0.043129,0.681048
1.2699999999999818,-0.139098,0.040954,0.680382
1.2724999999999795,-0.143701,0.039646,0.680941
1.2749999999999773,-0.142522,0.037351,0.685442
1.2775000000000034,-0.14255,0.035962,0.688275
1.2800000000000011,-0.143014,0.03629,0.690927
1.2824999999999989,-0.146322,0.03706,0.692693
1.2849999999999966,-0.145625,0.035832,0.698011
1.2874999999999943,-0.146623,0.033089,0.698163
1.289999999999992,-0.144444,0.030896,0.698136
1.2924999999999898,-0.146513,0.033986,0.703577
1.2949999999999875,-0.148544,0.031444,0.70794
1.2974999999999852,-0.149304,0.028724,0.707959
1.299999999999983,-0.152954,0.026756,0.711794
1.302499999999981,-0.147946,0.025024,0.716906
1.3049999999999784,-0.157377,0.028612,0.714889
1.307499999999976,-0.152665,0.023297,0.722585
1.3100000000000025,-0.15565,0.023387,0.722889
1.3125,-0.154477,0.015377,0.725139
1.3149999999999975,-0.155953,0.017736,0.728948
1.3174999999999957,-0.161496,0.0154,0.733502
1.3199999999999932,-0.161929,0.018813,0.730724
1.322499999999991,-0.162138,0.01247,0.736784
1.3249999999999886,-0.168522,0.01125,0.738112
1.3274999999999864,-0.172615,0.011564,0.738385
1.329999999999984,-0.170593,0.011075,0.73894
1.3324999999999818,-0.173077,0.005891,0.744227
1.3349999999999795,-0.173123,0.006101,0.74425
1.3374999999999773,-0.178163,0.008582,0.745151
1.3400000000000034,-0.180914,0.006565,0.747223
1.3425000000000011,-0.180829,0.004649,0.748423
1.3449999999999989,-0.182436,0.006004,0.747378
1.3474999999999966,-0.185257,0.00607,0.749046
1.3499999999999943,-0.1891,0.00396,0.753085
1.352499999999992,-0.188732,0.005219,0.754222
1.3549999999999898,-0.190766,0.005517,0.755683
1.3574999999999875,-0.189848,0.005495,0.756348
1.3599999999999852,-0.19348,0.005864,0.7601
1.362499999999983,-0.193405,0.005263,0.759378
1.364999999999981,-0.194348,0.003796,0.764053
1.3674999999999784,-0.198153,0.005197,0.762951
1.369999999999976,-0.198102,0.003166,0.76836
1.3725000000000025,-0.197503,0.004605,0.767207
1.375,-0.198388,0.00597,0.770527
1.3774999999999975,-0.200288,0.006134,0.771458
1.3799999999999957,-0.199127,0.006817,0.772921
1.3824999999999932,-0.198144,0.006063,0.77573
1.384999999999991,-0.199688,0.006891,0.77238
1.3874999999999886,-0.200602,0.001308,0.77816
1.3899999999999864,-0.203626,0.00364,0.777798
1.392499999999984,-0.204635,0.004857,0.783586
1.3949999999999818,-0.201251,0.006885,0.780624
1.3974999999999795,-0.202832,0.008257,0.782774
1.3999999999999773,-0.204695,0.010259,0.78173
1.4025000000000034,-0.201212,0.010011,0.783899
1.4050000000000011,-0.203358,0.011418,0.785308
1.4074999999999989,-0.205375,0.013993,0.788283
1.4099999999999966,-0.204781,0.010905,0.78946
1.4124999999999943,-0.199319,0.013302,0.788904
1.414999999999992,-0.20207,0.015999,0.790336
1.4174999999999898,-0.19858,0.021441,0.79157
1.4199999999999875,-0.200968,0.019484,0.794598
1.4224999999999852,-0.195722,0.022667,0.79141
1.424999999999983,-0.196677,0.023746,0.793754
1.427499999999981,-0.196289,0.029155,0.795312
1.4299999999999784,-0.195378,0.033125,0.800077
1.432499999999976,-0.192313,0.031937,0.800359
1.4350000000000025,-0.190991,0.034634,0.800107
1.4375,-0.192305,0.037412,0.801192
1.4399999999999975,-0.188708,0.040784,0.80103
1.4424999999999957,-0.185382,0.043231,0.800406
1.4449999999999932,-0.181729,0.044108,0.803756
1.447499999999991,-0.18484,0.043891,0.804048
1.4499999999999886,-0.181775,0.050076,0.803479
1.4524999999999864,-0.181335,0.048179,0.801941
1.454999999999984,-0.181647,0.053044,0.80303
1.4574999999999818,-0.180109,0.051532,0.805292
1.4599999999999795,-0.178061,0.050858,0.803197
1.4624999999999773,-0.179275,0.054242,0.804763
1.4650000000000034,-0.179847,0.053963,0.806749
1.4675000000000011,-0.175414,0.054368,0.80461
1.4699999999999989,-0.1776,0.053529,0.807178
1.4724999999999966,-0.176765,0.055723,0.806865
1.4749999999999943,-0.178747,0.055733,0.805425
1.477499999999992,-0.176241,0.053861,0.805406
1.4799999999999898,-0.177398,0.052782,0.805386
1.4824999999999875,-0.173567,0.051457,0.803191
1.4849999999999852,-0.174572,0.052001,0.806511
1.487499999999983,-0.172477,0.05312,0.80728
1.489999999999981,-0.172716,0.053927,0.806511
1.4924999999999784,-0.170861,0.052477,0.809624
1.494999999999976,-0.171736,0.050899,0.804673
1.4975000000000025,-0.174099,0.051282,0.804893
1.5,-0.174603,0.056338,0.808226
1.5024999999999975,-0.176193,0.046649,0.808562
1.5049999999999957,-0.173239,0.049802,0.808639
1.5074999999999932,-0.173709,0.050984,0.808224
1.509999999999991,-0.177689,0.0511,0.811304
1.5124999999999886,-0.172924,0.045624,0.807912
1.5149999999999864,-0.175776,0.047057,0.810168
1.517499999999984,-0.17783,0.042653,0.811626
1.5199999999999818,-0.17799,0.0456,0.809834
1.5224999999999795,-0.184058,0.045527,0.810976
1.5249999999999773,-0.181258,0.039726,0.809906
1.5275000000000034,-0.177674,0.041916,0.810542
1.5300000000000011,-0.178002,0.040393,0.810128
1.5324999999999989,-0.182411,0.040822,0.811538
1.5349999999999966,-0.182518,0.040778,0.809159
1.5374999999999943,-0.186522,0.037741,0.808735
1.539999999999992,-0.185363,0.040651,0.808223
1.5424999999999898,-0.184754,0.04229,0.80772
1.5449999999999875,-0.184739,0.037128,0.808279
1.5474999999999852,-0.186732,0.03904,0.81081
1.549999999999983,-0.18308,0.037632,0.810392
1.552499999999981,-0.186253,0.040913,0.810393
1.5549999999999784,-0.184117,0.039316,0.808091
1.557499999999976,-0.18827,0.039273,0.812154
1.5600000000000025,-0.189622,0.043292,0.812718
1.5625,-0.190005,0.043375,0.814686
1.5649999999999975,-0.189801,0.03986,0.81121
1.5674999999999957,-0.186296,0.044683,0.809214
1.5699999999999932,-0.187537,0.046191,0.811044
1.572499999999991,-0.190084,0.045339,0.813962
1.5749999999999886,-0.188941,0.049194,0.813113
1.5774999999999864,-0.189996,0.051975,0.813969
1.579999999999984,-0.187236,0.056889,0.811166
1.5824999999999818,-0.185058,0.060099,0.81142
1.5849999999999795,-0.185049,0.058081,0.810471
1.5874999999999773,-0.18305,0.060245,0.813707
1.5900000000000034,-0.182016,0.061562,0.812615
1.5925000000000011,-0.180379,0.059254,0.814466
1.5949999999999989,-0.181022,0.060513,0.813926
1.5974999999999966,-0.175679,0.065706,0.812178
1.5999999999999943,-0.175205,0.06583,0.814166
1.602499999999992,-0.174516,0.071099,0.818732
1.6049999999999898,-0.174969,0.070112,0.819116
1.6074999999999875,-0.171585,0.074404,0.817977
1.6099999999999852,-0.168808,0.077269,0.818179
1.612499999999983,-0.165483,0.079425,0.814752
1.614999999999981,-0.165035,0.084838,0.819626
1.6174999999999784,-0.165498,0.087488,0.822089
1.619999999999976,-0.163382,0.089879,0.81751
1.6225000000000025,-0.161552,0.092695,0.816659
1.625,-0.159153,0.095379,0.819167
1.6274999999999975,-0.157808,0.098339,0.820217
1.6299999999999957,-0.155412,0.09876,0.818377
1.6324999999999932,-0.153989,0.100886,0.815933
1.634999999999991,-0.152874,0.110405,0.816233
1.6374999999999886,-0.149877,0.107861,0.817941
1.6399999999999864,-0.150619,0.11163,0.817897
1.642499999999984,-0.149375,0.110508,0.817422
1.6449999999999818,-0.149781,0.11346,0.822104
1.6474999999999795,-0.146389,0.115941,0.817441
1.6499999999999773,-0.144704,0.120511,0.81969
1.6525000000000034,-0.146334,0.12184,0.815491
1.6550000000000011,-0.143251,0.125537,0.816583
1.6574999999999989,-0.138497,0.129049,0.813031
1.6599999999999966,-0.1387,0.121434,0.811309
1.6624999999999943,-0.1417,0.125783,0.814174
1.664999999999992,-0.140822,0.130091,0.813208
1.6674999999999898,-0.140645,0.134259,0.812323
1.6699999999999875,-0.141083,0.131802,0.809331
1.6724999999999852,-0.1396,0.132494,0.809872
1.674999999999983,-0.139193,0.129844,0.810909
1.677499999999981,-0.138642,0.132645,0.807548
1.6799999999999784,-0.139222,0.133187,0.808748
1.682499999999976,-0.141092,0.133617,0.808375
1.6850000000000025,-0.142474,0.139501,0.809857
1.6875,-0.141838,0.13685,0.808124
1.6899999999999975,-0.136106,0.137686,0.804923
1.6924999999999957,-0.137929,0.138074,0.804269
1.6949999999999932,-0.136417,0.137546,0.802464
1.697499999999991,-0.135613,0.142484,0.804193
1.6999999999999886,-0.132734,0.141602,0.798219
1.7024999999999864,-0.137356,0.144232,0.802072
1.704999999999984,-0.138417,0.15009,0.796139
1.7074999999999818,-0.132611,0.150136,0.792889
1.7099999999999795,-0.13375,0.150307,0.792415
1.7124999999999773,-0.135356,0.151507,0.791089
1.7150000000000034,-0.134462,0.153578,0.790683
1.7175000000000011,-0.13168,0.158241,0.789408
1.7199999999999989,-0.131314,0.158527,0.789016
1.7224999999999966,-0.131027,0.161924,0.79015
1.7249999999999943,-0.131007,0.165828,0.786708
1.727499999999992,-0.126545,0.167384,0.78539
1.7299999999999898,-0.125204,0.169949,0.779877
1.7324999999999875,-0.123188,0.177095,0.781194
1.7349999999999852,-0.120176,0.180825,0.779503
1.737499999999983,-0.122015,0.184975,0.77486
1.739999999999981,-0.120577,0.186243,0.775131
1.7424999999999784,-0.115825,0.19281,0.771662
1.744999999999976,-0.117682,0.197782,0.768281
1.7475000000000025,-0.113983,0.201652,0.764557
1.75,-0.114658,0.209429,0.7611
1.7524999999999975,-0.10981,0.213108,0.757162
1.7549999999999957,-0.107665,0.216756,0.755399
1.7574999999999932,-0.106603,0.221484,0.750046
1.759999999999991,-0.101444,0.230778,0.749616
1.7624999999999886,-0.097726,0.232641,0.745527
1.7649999999999864,-0.098419,0.237904,0.739614
1.767499999999984,-0.09415,0.241994,0.735898
1.7699999999999818,-0.093147,0.251257,0.732388
1.7724999999999795,-0.085452,0.251886,0.727017
1.7749999999999773,-0.084481,0.260389,0.719173
1.7775000000000034,-0.081477,0.262428,0.715182
1.7800000000000011,-0.075151,0.266834,0.713553
1.7824999999999989,-0.076513,0.271536,0.706287
1.7849999999999966,-0.070998,0.272305,0.704328
1.7874999999999943,-0.068864,0.276948,0.699601
1.789999999999992,-0.064899,0.280375,0.693215
1.7924999999999898,-0.063369,0.282887,0.688305
1.7949999999999875,-0.062746,0.284956,0.685691
1.7974999999999852,-0.059921,0.290849,0.682842
1.799999999999983,-0.052114,0.294162,0.676399
1.802499999999981,-0.052346,0.299444,0.673958
1.8049999999999784,-0.046979,0.299365,0.672024
1.807499999999976,-0.044832,0.298802,0.668428
1.8100000000000025,-0.04086,0.308763,0.66522
1.8125,-0.040594,0.315525,0.658334
1.8149999999999975,-0.034279,0.316947,0.655889
1.8174999999999957,-0.03048,0.320438,0.654643
1.8199999999999927,-0.026728,0.322602,0.652566
1.822499999999991,-0.02263,0.327724,0.648578
1.8249999999999889,-0.02192,0.332486,0.646415
1.8274999999999864,-0.016792,0.340506,0.645626
1.829999999999984,-0.013949,0.339714,0.644345
1.8324999999999816,-0.011256,0.344718,0.646068
1.8349999999999795,-0.006433,0.346965,0.643989
1.8374999999999773,-0.004429,0.349558,0.643664
1.8400000000000036,-0.001284,0.351872,0.643724
1.8425000000000007,0.005429,0.358147,0.643101
1.8449999999999989,0.013065,0.358744,0.639881
1.8474999999999968,0.019687,0.362804,0.637604
1.8499999999999943,0.02602,0.366066,0.635184
1.852499999999992,0.033131,0.368012,0.632747
1.8549999999999895,0.042083,0.370634,0.633092
1.8574999999999875,0.054988,0.371883,0.626988
1.8599999999999848,0.06348,0.371819,0.618892
1.862499999999983,0.072923,0.370193,0.611889
1.864999999999981,0.086809,0.371001,0.606851
1.8674999999999784,0.094361,0.365204,0.599576
1.869999999999976,0.101163,0.364468,0.590443
1.8725000000000025,0.11807,0.358916,0.582887
1.875,0.13004,0.35132,0.573266
1.8774999999999975,0.138911,0.343796,0.562736
1.8799999999999957,0.146666,0.335574,0.55313
1.8824999999999927,0.162072,0.322463,0.542753
1.884999999999991,0.174188,0.310407,0.534669
1.8874999999999889,0.18648,0.296599,0.522666
1.8899999999999864,0.19691,0.279532,0.507954
1.892499999999984,0.211117,0.265474,0.498232
1.8949999999999816,0.222208,0.2475,0.490282
1.8974999999999795,0.231784,0.229415,0.479912
1.8999999999999773,0.239276,0.221654,0.469706
1.9025000000000036,0.248214,0.209013,0.459643
1.9050000000000007,0.249311,0.20071,0.446548
1.9074999999999989,0.253536,0.19505,0.433669
1.9099999999999968,0.255714,0.187578,0.417643
1.9124999999999943,0.261202,0.179108,0.402477
1.914999999999992,0.259953,0.167935,0.387964
1.9174999999999895,0.264265,0.163873,0.373777
1.9199999999999875,0.260276,0.154655,0.358247
1.9224999999999848,0.260866,0.147332,0.346725
1.924999999999983,0.261268,0.133085,0.332764
1.927499999999981,0.259256,0.128055,0.317264
1.9299999999999784,0.255435,0.115167,0.304147
1.932499999999976,0.250105,0.104479,0.290138
1.9350000000000025,0.246317,0.096633,0.27358
1.9375,0.238683,0.086694,0.256648
1.9399999999999975,0.2317,0.078271,0.24172
1.9424999999999957,0.226731,0.06948,0.225443
1.9449999999999927,0.217889,0.062034,0.206678
1.947499999999991,0.205603,0.053299,0.191236
1.9499999999999889,0.19123,0.04343,0.173584
1.9524999999999864,0.182445,0.036392,0.156256
1.954999999999984,0.169573,0.028007,0.142095
1.9574999999999816,0.160684,0.020232,0.134028
1.9599999999999795,0.144754,0.007596,0.128593
1.9624999999999773,0.137947,-0.004235,0.125142
1.9650000000000036,0.127984,-0.015594,0.117787
1.9675000000000007,0.113625,-0.024955,0.111663
1.9699999999999989,0.10218,-0.034723,0.106623
1.9724999999999968,0.091853,-0.043088,0.102914
1.9749999999999943,0.086209,-0.04979,0.096832
1.977499999999992,0.071672,-0.056154,0.091047
1.9799999999999895,0.062176,-0.063069,0.084706
1.9824999999999875,0.050434,-0.0669,0.085714
1.9849999999999848,0.044935,-0.067653,0.082896
1.987499999999983,0.03523,-0.066575,0.079934
1.989999999999981,0.028368,-0.071871,0.074787
1.9924999999999784,0.02669,-0.068112,0.077412
1.994999999999976,0.019235,-0.067288,0.078285
1.9975000000000025,0.01452,-0.069824,0.072265
2.0,0.013373,-0.067136,0.073474
2.0024999999999977,0.010829,-0.061077,0.075897
2.0049999999999955,0.006918,-0.060442,0.072891
2.007499999999993,0.008959,-0.057919,0.071844
2.009999999999991,0.005494,-0.052674,0.0717
2.0124999999999886,0.005221,-0.051163,0.074532
2.0149999999999864,0.005577,-0.051886,0.069367
2.017499999999984,0.006584,-0.054143,0.069187
2.019999999999982,0.006168,-0.049315,0.070501
2.0224999999999795,0.007746,-0.047049,0.071769
2.0249999999999773,0.008645,-0.042914,0.072838
2.0275000000000034,0.007365,-0.042148,0.072985
2.030000000000001,0.009858,-0.043531,0.075688
2.032499999999999,0.013173,-0.046243,0.077572
2.0349999999999966,0.010125,-0.044288,0.078826
2.0374999999999943,0.00971,-0.046746,0.081684
2.039999999999992,0.009824,-0.049211,0.081674
2.0424999999999898,0.007079,-0.046234,0.08722
2.0449999999999875,0.007626,-0.047784,0.087135
2.047499999999985,0.00876,-0.051206,0.089841
2.049999999999983,0.009838,-0.052018,0.095231
2.0524999999999807,0.009304,-0.055425,0.097997
2.0549999999999784,0.006267,-0.055152,0.102315
2.057499999999976,0.010579,-0.057712,0.10779
2.0600000000000023,0.007258,-0.056563,0.112423
2.0625,0.008906,-0.057647,0.119749
2.0649999999999977,0.006931,-0.061655,0.123083
2.0674999999999955,0.006752,-0.064193,0.128578
2.069999999999993,0.007663,-0.067882,0.127513
2.072499999999991,0.008213,-0.068462,0.137306
2.0749999999999886,0.007778,-0.07223,0.143967
2.0774999999999864,0.009786,-0.073215,0.149698
2.079999999999984,0.011515,-0.075121,0.15701
2.082499999999982,0.009828,-0.075307,0.163745
2.0849999999999795,0.010893,-0.076437,0.169351
2.0874999999999773,0.011665,-0.077173,0.177614
2.0900000000000034,0.008918,-0.079896,0.184716
2.092500000000001,0.01274,-0.078325,0.193461
2.094999999999999,0.010733,-0.07658,0.201979
2.0974999999999966,0.013187,-0.078087,0.209204
2.0999999999999943,0.013032,-0.075515,0.215863
2.102499999999992,0.014407,-0.075074,0.224838
2.1049999999999898,0.011797,-0.074077,0.230577
2.1074999999999875,0.013024,-0.071971,0.239769
2.109999999999985,0.012939,-0.06956,0.244416
2.112499999999983,0.013732,-0.073116,0.257509
2.1149999999999807,0.009391,-0.066943,0.260641
2.1174999999999784,0.014488,-0.070758,0.269139
2.119999999999976,0.013632,-0.074664,0.27535
2.1225000000000023,0.016361,-0.073896,0.279551
2.125,0.013538,-0.075546,0.28808
2.1274999999999977,0.016385,-0.075898,0.290508
2.1299999999999955,0.017164,-0.081527,0.301848
2.132499999999993,0.018712,-0.078991,0.308105
2.134999999999991,0.019247,-0.088318,0.314463
2.1374999999999886,0.020978,-0.092043,0.3196
2.1399999999999864,0.024372,-0.09442,0.3256
2.142499999999984,0.025871,-0.097899,0.330891
2.144999999999982,0.029003,-0.099958,0.338957
2.1474999999999795,0.030719,-0.104152,0.343629
2.1499999999999773,0.029389,-0.1075,0.353482
2.1525000000000034,0.030161,-0.109833,0.363957
2.155000000000001,0.033268,-0.114849,0.363702
2.157499999999999,0.027861,-0.117435,0.367915
2.1599999999999966,0.031663,-0.12154,0.377544
2.1624999999999943,0.030173,-0.121535,0.383129
2.164999999999992,0.032104,-0.12292,0.390206
2.1674999999999898,0.029104,-0.124183,0.394992
2.1699999999999875,0.033135,-0.12442,0.39973
2.172499999999985,0.032767,-0.128816,0.407823
2.174999999999983,0.030958,-0.130673,0.412428
2.1774999999999807,0.034551,-0.131789,0.416419
2.1799999999999784,0.034463,-0.13154,0.425831
2.182499999999976,0.03744,-0.134967,0.431552
2.1850000000000023,0.033351,-0.133707,0.436228
2.1875,0.038033,-0.133938,0.441047
2.1899999999999977,0.037401,-0.1389,0.448749
2.1924999999999955,0.039359,-0.13987,0.454635
2.194999999999993,0.039817,-0.142115,0.459454
2.197499999999991,0.038584,-0.143237,0.462743
2.1999999999999886,0.041322,-0.14407,0.470404
2.2024999999999864,0.041633,-0.146951,0.477039
2.204999999999984,0.041796,-0.146095,0.480697
2.207499999999982,0.041374,-0.144547,0.4862
2.2099999999999795,0.041824,-0.146575,0.490307
2.2124999999999773,0.039519,-0.150603,0.498011
2.2150000000000034,0.041318,-0.151081,0.499898
2.217500000000001,0.043654,-0.150009,0.50455
2.219999999999999,0.042462,-0.150307,0.512896
2.2224999999999966,0.04069,-0.153887,0.515323
2.2249999999999943,0.044788,-0.153312,0.524166
2.227499999999992,0.047041,-0.156239,0.526244
2.2299999999999898,0.045965,-0.158462,0.533567
2.2324999999999875,0.051475,-0.158201,0.536228
2.234999999999985,0.047234,-0.163734,0.536969
2.237499999999983,0.048957,-0.158989,0.547075
2.2399999999999807,0.04716,-0.162819,0.549524
2.2424999999999784,0.048283,-0.162752,0.551275
2.244999999999976,0.044691,-0.162309,0.555673
2.2475000000000023,0.049195,-0.165984,0.559699
2.25,0.05017,-0.169373,0.565789
2.2524999999999977,0.048789,-0.167999,0.569519
2.2549999999999955,0.054388,-0.167437,0.57001
2.257499999999993,0.049294,-0.167562,0.578529
2.259999999999991,0.049949,-0.170207,0.576625
2.2624999999999886,0.049189,-0.171377,0.578872
2.2649999999999864,0.049224,-0.168325,0.584709
2.267499999999984,0.050052,-0.167888,0.588013
2.269999999999982,0.053056,-0.167394,0.588291
2.2724999999999795,0.055199,-0.169191,0.59061
2.2749999999999773,0.052002,-0.170723,0.590961
2.2775000000000034,0.05141,-0.168735,0.593973
2.280000000000001,0.055338,-0.171408,0.597385
2.282499999999999,0.053052,-0.169851,0.601377
2.2849999999999966,0.053463,-0.167325,0.602079
2.2874999999999943,0.052824,-0.171483,0.603423
2.289999999999992,0.052386,-0.170062,0.604255
2.2924999999999898,0.054584,-0.172593,0.604217
2.2949999999999875,0.054429,-0.17321,0.606615
2.297499999999985,0.051952,-0.175288,0.603641
2.299999999999983,0.051826,-0.170617,0.60401
2.3024999999999807,0.056299,-0.172815,0.606043
2.3049999999999784,0.055502,-0.173666,0.608515
2.307499999999976,0.057831,-0.171578,0.60853
2.3100000000000023,0.056397,-0.168973,0.607847
2.3125,0.05543,-0.168255,0.606734
2.3149999999999977,0.056671,-0.166698,0.603681
2.3174999999999955,0.0554,-0.163436,0.605752
2.319999999999993,0.055967,-0.160888,0.60309
2.322499999999991,0.058804,-0.15887,0.603832
2.3249999999999886,0.059485,-0.15163,0.597376
2.3274999999999864,0.059899,-0.151101,0.595994
2.329999999999984,0.06142,-0.149088,0.593769
2.332499999999982,0.062103,-0.141053,0.58922
2.3349999999999795,0.064116,-0.137988,0.583107
2.3374999999999773,0.069781,-0.128084,0.579516
2.3400000000000034,0.068484,-0.12771,0.57328
2.342500000000001,0.067639,-0.118019,0.569762
2.344999999999999,0.069427,-0.108017,0.563049
2.3474999999999966,0.072955,-0.103791,0.556787
2.3499999999999943,0.076222,-0.098604,0.549523
2.352499999999992,0.076161,-0.087409,0.538648
2.3549999999999898,0.077378,-0.084485,0.532012
2.3574999999999875,0.077759,-0.072335,0.525142
2.359999999999985,0.081108,-0.067809,0.513221
2.362499999999983,0.083924,-0.057557,0.503222
2.3649999999999807,0.088482,-0.050384,0.494585
2.3674999999999784,0.092951,-0.041486,0.482271
2.369999999999976,0.097842,-0.035113,0.471824
2.3725000000000023,0.099563,-0.024554,0.46475
2.375,0.105198,-0.019996,0.452226
2.3774999999999977,0.105476,-0.013138,0.437778
2.3799999999999955,0.110441,-0.003915,0.428171
2.382499999999993,0.112983,0.000741,0.416405
2.384999999999991,0.118781,0.007268,0.409307
2.3874999999999886,0.119366,0.011924,0.397606
2.3899999999999864,0.125579,0.019158,0.3881
2.392499999999984,0.125589,0.02666,0.377096
2.394999999999982,0.131404,0.03056,0.369326
2.3974999999999795,0.132469,0.03622,0.359557
2.3999999999999773,0.134677,0.039517,0.349958
2.4025000000000034,0.137041,0.045209,0.338139
2.405000000000001,0.141124,0.049809,0.32675
2.407499999999999,0.138579,0.054029,0.319669
2.4099999999999966,0.139747,0.05902,0.311858
2.4124999999999943,0.14219,0.062323,0.303935
2.414999999999992,0.141536,0.06695,0.294266
2.4174999999999898,0.143371,0.069333,0.285479
2.4199999999999875,0.14459,0.072125,0.280815
2.422499999999985,0.143915,0.075594,0.270551
2.424999999999983,0.144088,0.077792,0.260998
2.4274999999999807,0.139008,0.084654,0.254688
2.4299999999999784,0.144579,0.085812,0.247725
2.432499999999976,0.140081,0.085361,0.240196
2.4350000000000023,0.137603,0.090469,0.234053
2.4375,0.136069,0.087783,0.228869
2.4399999999999977,0.136498,0.09316,0.222877
2.4424999999999955,0.134047,0.092296,0.218035
2.444999999999993,0.13055,0.092537,0.208081
2.447499999999991,0.132059,0.092853,0.205084
2.4499999999999886,0.127637,0.091139,0.199278
2.4524999999999864,0.128087,0.088587,0.195333
2.454999999999984,0.122594,0.091668,0.18995
2.457499999999982,0.122636,0.088996,0.186687
2.4599999999999795,0.120173,0.088964,0.183728
2.4624999999999773,0.119861,0.08655,0.178456
2.4650000000000034,0.114786,0.086971,0.176334
2.467500000000001,0.112409,0.086118,0.173179
2.469999999999999,0.107349,0.081667,0.171375
2.4724999999999966,0.102233,0.079422,0.166941
2.4749999999999943,0.099587,0.077461,0.162958
2.477499999999992,0.09938,0.073876,0.159384
2.4799999999999898,0.096063,0.072038,0.158918
2.4824999999999875,0.094601,0.068865,0.155402
2.484999999999985,0.093155,0.069617,0.155792
2.487499999999983,0.089716,0.066272,0.151742
2.4899999999999807,0.09012,0.064818,0.148887
2.4924999999999784,0.089557,0.065167,0.144777
2.494999999999976,0.088947,0.061374,0.140101
2.4975000000000023,0.087602,0.062112,0.139516
2.5,0.086579,0.057132,0.138589
2.5024999999999977,0.089609,0.058933,0.136808
2.5049999999999955,0.085094,0.059889,0.135028
2.507499999999993,0.085682,0.057862,0.134847
2.509999999999991,0.088079,0.056065,0.129629
2.5124999999999886,0.090273,0.054585,0.12699
2.5149999999999864,0.088956,0.05393,0.12547
2.517499999999984,0.091992,0.053657,0.124679
2.519999999999982,0.095127,0.053225,0.128541
2.5224999999999795,0.092929,0.05384,0.125367
2.5249999999999773,0.093765,0.051232,0.120766
2.5275000000000034,0.091267,0.053103,0.118519
2.530000000000001,0.09582,0.051533,0.118915
2.532499999999999,0.094103,0.048905,0.114431
2.5349999999999966,0.094735,0.048829,0.114588
2.5374999999999943,0.094189,0.046965,0.112545
2.539999999999992,0.098147,0.047187,0.113466
2.5424999999999898,0.097983,0.046728,0.110918
2.5449999999999875,0.096638,0.045086,0.109845
2.547499999999985,0.099944,0.041878,0.108492
2.549999999999983,0.097259,0.038031,0.107374
2.5524999999999807,0.097949,0.039602,0.102258
2.5549999999999784,0.094869,0.039446,0.103488
2.557499999999976,0.10133,0.040356,0.101783
2.5600000000000023,0.10205,0.041489,0.100561
2.5625,0.098755,0.039317,0.101692
2.5649999999999977,0.097754,0.043248,0.100645
2.5674999999999955,0.102531,0.041292,0.09969
2.569999999999993,0.10119,0.042438,0.098928
2.572499999999991,0.104693,0.041088,0.09704
2.5749999999999886,0.102068,0.044443,0.096112
2.5774999999999864,0.105505,0.04263,0.099879
2.579999999999984,0.107632,0.044077,0.097584
2.582499999999982,0.109272,0.047179,0.101141
2.5849999999999795,0.103396,0.045788,0.100929
2.5874999999999773,0.107292,0.046342,0.100178
2.5900000000000034,0.10746,0.049333,0.101443
2.592500000000001,0.110118,0.052071,0.103094
2.594999999999999,0.104214,0.048182,0.104014
2.5974999999999966,0.104126,0.048582,0.107259
2.5999999999999943,0.104853,0.049125,0.105727
2.602499999999992,0.108006,0.049078,0.105492
2.6049999999999898,0.10468,0.053043,0.106562
2.6074999999999875,0.104889,0.047545,0.106463
2.609999999999985,0.108805,0.05058,0.110292
2.612499999999983,0.104695,0.054527,0.112469
2.6149999999999807,0.104066,0.053208,0.110655
2.6174999999999784,0.108031,0.052037,0.110202
2.619999999999976,0.105528,0.053527,0.107584
2.6225000000000023,0.108909,0.055862,0.111314
2.625,0.106607,0.055889,0.112655
2.6274999999999977,0.111439,0.056585,0.112031
2.6299999999999955,0.109087,0.061162,0.109129
2.632499999999993,0.107952,0.059455,0.114989
2.634999999999991,0.109937,0.059379,0.112966
2.6374999999999886,0.110967,0.061069,0.115787
2.6399999999999864,0.115377,0.063192,0.115176
2.642499999999984,0.112843,0.066847,0.116036
2.644999999999982,0.111217,0.066897,0.113382
2.6474999999999795,0.117565,0.068062,0.113995
2.6499999999999773,0.118233,0.071714,0.113095
2.6525000000000034,0.11969,0.065619,0.114132
2.655000000000001,0.120353,0.067135,0.114246
2.657499999999999,0.122414,0.07165,0.111703
2.6599999999999966,0.125708,0.073177,0.113715
2.6624999999999943,0.127011,0.072926,0.112688
2.664999999999992,0.12862,0.073063,0.115255
2.6674999999999898,0.12966,0.074092,0.110988
2.6699999999999875,0.132896,0.080052,0.113086
2.672499999999985,0.131922,0.075587,0.114653
2.674999999999983,0.137601,0.079588,0.11534
2.6774999999999807,0.137381,0.077625,0.112242
2.6799999999999784,0.137368,0.080422,0.10857
2.682499999999976,0.140911,0.081458,0.104255
2.6850000000000023,0.141805,0.083055,0.10313
2.6875,0.146475,0.07953,0.109414
2.6899999999999977,0.149614,0.079081,0.110435
2.6924999999999955,0.151672,0.079139,0.108863
2.694999999999993,0.151681,0.080209,0.108806
2.697499999999991,0.155997,0.078581,0.106096
2.6999999999999886,0.154557,0.076383,0.103573
2.7024999999999864,0.158853,0.075281,0.103984
2.704999999999984,0.164546,0.077264,0.102586
2.707499999999982,0.158817,0.071623,0.107787
2.7099999999999795,0.159236,0.073344,0.10789
2.7124999999999773,0.160881,0.072675,0.103647
2.7150000000000034,0.162313,0.069398,0.10741
2.717500000000001,0.161641,0.070918,0.107902
2.719999999999999,0.159182,0.068063,0.108724
2.7224999999999966,0.162638,0.06511,0.113239
2.7249999999999943,0.16358,0.058823,0.116991
2.727499999999992,0.159299,0.061073,0.118776
2.7299999999999898,0.160349,0.057439,0.117884
2.7324999999999875,0.155247,0.055743,0.121538
2.734999999999985,0.156185,0.054365,0.125122
2.737499999999983,0.158193,0.049268,0.12976
2.7399999999999807,0.153107,0.045533,0.125516
2.7424999999999784,0.14895,0.042339,0.130416
2.744999999999976,0.152146,0.040736,0.134974
2.7475000000000023,0.146068,0.038137,0.136665
2.75,0.142438,0.032976,0.14125
2.7524999999999977,0.141846,0.031541,0.138777
2.7549999999999955,0.138403,0.026674,0.146008
2.757499999999993,0.134089,0.021572,0.145514
2.759999999999991,0.136293,0.023027,0.151154
2.7624999999999886,0.133771,0.014438,0.153594
2.7649999999999864,0.129478,0.010235,0.161584
2.767499999999984,0.125989,0.006407,0.162666
2.769999999999982,0.122831,0.005179,0.162365
2.7724999999999795,0.12329,-0.000755,0.167684
2.7749999999999773,0.122872,-0.005795,0.170827
2.7775000000000034,0.118535,-0.011756,0.174079
2.780000000000001,0.116623,-0.012991,0.175769
2.782499999999999,0.11285,-0.01699,0.18071
2.7849999999999966,0.11626,-0.021543,0.179639
2.7874999999999943,0.110999,-0.026374,0.181993
2.789999999999992,0.107134,-0.03278,0.189487
2.7924999999999898,0.110344,-0.031504,0.191895
2.7949999999999875,0.109795,-0.033705,0.192641
2.797499999999985,0.103612,-0.039354,0.198697
2.799999999999983,0.103191,-0.04032,0.199079
2.8024999999999807,0.104978,-0.043048,0.204199
2.8049999999999784,0.103886,-0.044172,0.207946
2.807499999999976,0.104506,-0.047091,0.207651
2.8100000000000023,0.104456,-0.051625,0.210802
2.8125,0.105802,-0.055154,0.215679
2.8149999999999977,0.103886,-0.054693,0.21677
2.8174999999999955,0.106583,-0.05711,0.222585
2.819999999999993,0.10323,-0.055203,0.221724
2.822499999999991,0.105896,-0.054519,0.223037
2.8249999999999886,0.106537,-0.058259,0.225566
2.8274999999999864,0.105565,-0.058109,0.228968
2.829999999999984,0.104364,-0.057024,0.228151
2.832499999999982,0.104741,-0.057311,0.228813
2.8349999999999795,0.099708,-0.054568,0.230515
2.8374999999999773,0.106696,-0.055477,0.229748
2.8400000000000034,0.110459,-0.051819,0.231887
2.842500000000001,0.113962,-0.048482,0.228802
2.844999999999999,0.116997,-0.048663,0.232207
2.8474999999999966,0.11695,-0.045602,0.233246
2.8499999999999943,0.121842,-0.043866,0.230636
2.852499999999992,0.121481,-0.045118,0.229772
2.8549999999999898,0.128257,-0.042567,0.22753
2.8574999999999875,0.129194,-0.038126,0.226251
2.859999999999985,0.130615,-0.036912,0.224114
2.862499999999983,0.135762,-0.031267,0.22252
2.8649999999999807,0.139851,-0.031321,0.221302
2.8674999999999784,0.13729,-0.029254,0.223441
2.869999999999976,0.142746,-0.02759,0.216908
2.8725000000000023,0.145216,-0.023432,0.21691
2.875,0.14386,-0.020681,0.214614
2.8774999999999977,0.144608,-0.015183,0.211623
2.8799999999999955,0.146969,-0.014594,0.204704
2.882499999999993,0.151277,-0.011156,0.204428
2.884999999999991,0.153493,-0.009677,0.206351
2.8874999999999886,0.148562,-0.007859,0.201515
2.8899999999999864,0.151793,-0.004508,0.196881
2.892499999999984,0.153961,-0.001216,0.19686
2.894999999999982,0.151365,0.002173,0.196204
2.8974999999999795,0.156153,0.003632,0.190712
2.8999999999999773,0.157221,0.007292,0.186435
2.9025000000000034,0.157569,0.010245,0.183857
2.905000000000001,0.156822,0.018588,0.181646
2.907499999999999,0.156042,0.021815,0.179206
2.9099999999999966,0.157391,0.024248,0.176927
2.9124999999999943,0.155536,0.023996,0.170337
2.914999999999992,0.154112,0.02946,0.167816
2.9174999999999898,0.151709,0.032536,0.166217
2.9199999999999875,0.154742,0.035792,0.158919
2.922499999999985,0.152277,0.033949,0.159689
2.924999999999983,0.148021,0.035582,0.156879
2.9274999999999807,0.14881,0.039344,0.149366
2.9299999999999784,0.147884,0.038956,0.150259
2.932499999999976,0.142544,0.039891,0.145464
2.9350000000000023,0.137486,0.037042,0.144162
2.9375,0.134475,0.040912,0.138967
2.9399999999999977,0.132913,0.040055,0.135449
2.9424999999999955,0.131585,0.038482,0.134931
2.944999999999993,0.126871,0.035886,0.134171
2.947499999999991,0.127379,0.037401,0.129127
2.9499999999999886,0.123259,0.029803,0.128076
2.9524999999999864,0.118893,0.028893,0.125743
2.954999999999984,0.112603,0.024321,0.126844
2.957499999999982,0.108036,0.017539,0.125492
2.9599999999999795,0.103507,0.018082,0.124834
2.9624999999999773,0.097802,0.010399,0.120441
2.9650000000000034,0.089324,0.007043,0.119578
2.967500000000001,0.082809,-2.5e-05,0.117704
2.969999999999999,0.077788,-0.009774,0.118031
2.9724999999999966,0.071865,-0.010754,0.120125
2.9749999999999943,0.060762,-0.018686,0.119258
2.977499999999992,0.059336,-0.02197,0.120691
2.9799999999999898,0.053356,-0.028874,0.117163
2.9824999999999875,0.049187,-0.033349,0.117757
2.984999999999985,0.043549,-0.042476,0.12005
2.987499999999983,0.039516,-0.050047,0.117895
2.9899999999999807,0.035033,-0.054735,0.117701
2.9924999999999784,0.029055,-0.061008,0.117917
2.994999999999976,0.029091,-0.067638,0.119283
2.9975000000000023,0.028151,-0.072226,0.115279
3.0,0.024476,-0.074951,0.115057
3.0024999999999977,0.025398,-0.076653,0.11434
3.0049999999999955,0.029343,-0.077169,0.113913
3.007499999999993,0.035451,-0.078948,0.116914
3.009999999999991,0.035302,-0.076389,0.11779
3.0124999999999886,0.036702,-0.076877,0.116785
3.0149999999999864,0.038301,-0.074989,0.118873
3.017499999999984,0.042502,-0.077204,0.119124
3.019999999999982,0.042898,-0.075863,0.119857
3.0224999999999795,0.043503,-0.077945,0.125798
3.0249999999999773,0.044229,-0.078738,0.125533
3.0275000000000034,0.043387,-0.079484,0.129872
3.030000000000001,0.041839,-0.081305,0.130282
3.032499999999999,0.040778,-0.080968,0.135379
3.0349999999999966,0.042582,-0.081928,0.134964
3.0374999999999943,0.044566,-0.082994,0.142454
3.039999999999992,0.043247,-0.084898,0.146816
3.0424999999999898,0.042496,-0.081328,0.152426
3.0449999999999875,0.043786,-0.088589,0.153693
3.047499999999985,0.047148,-0.085928,0.154633
3.049999999999983,0.046391,-0.089419,0.164785
3.0524999999999807,0.047635,-0.091128,0.169494
3.0549999999999784,0.047446,-0.09774,0.173297
3.057499999999976,0.04924,-0.09573,0.178535
3.0600000000000023,0.051234,-0.096911,0.182652
3.0625,0.050142,-0.098124,0.186972
3.0649999999999977,0.053,-0.102432,0.190153
3.0674999999999955,0.053393,-0.103606,0.194674
3.069999999999993,0.055539,-0.1103,0.199797
3.072499999999991,0.060511,-0.11,0.204407
3.0749999999999886,0.060234,-0.1119,0.20984
3.0774999999999864,0.061179,-0.115456,0.214136
3.079999999999984,0.059489,-0.118393,0.217252
3.082499999999982,0.061429,-0.123364,0.224306
3.0849999999999795,0.064062,-0.124098,0.22611
3.0874999999999773,0.0657,-0.127427,0.230727
3.0900000000000034,0.066758,-0.127873,0.231742
3.092500000000001,0.069579,-0.12926,0.235688
3.094999999999999,0.07123,-0.131618,0.240938
3.0974999999999966,0.068056,-0.132972,0.243079
3.0999999999999943,0.069649,-0.131731,0.243921
3.102499999999992,0.073499,-0.132433,0.248913
3.1049999999999898,0.075544,-0.134981,0.254086
3.1074999999999875,0.072927,-0.134309,0.256885
3.109999999999985,0.075389,-0.133078,0.260154
3.112499999999983,0.075295,-0.139444,0.261351
3.1149999999999807,0.078524,-0.136122,0.267398
3.1174999999999784,0.080168,-0.137492,0.27096
3.119999999999976,0.080932,-0.139542,0.272477
3.1225000000000023,0.083924,-0.138216,0.273887
3.125,0.082274,-0.141917,0.277317
3.1274999999999977,0.080656,-0.144544,0.282992
3.1299999999999955,0.082573,-0.142638,0.288845
3.132499999999993,0.086422,-0.151785,0.290508
3.134999999999991,0.085916,-0.149119,0.293922
3.1374999999999886,0.093549,-0.147799,0.299954
3.1399999999999864,0.088898,-0.149648,0.299322
3.142499999999984,0.091787,-0.152153,0.307592
3.144999999999982,0.092066,-0.154676,0.312065
3.1474999999999795,0.096431,-0.155486,0.316938
3.1499999999999773,0.09466,-0.157371,0.318659
3.1525000000000034,0.097681,-0.159334,0.323128
3.155000000000001,0.098529,-0.161023,0.327946
3.157499999999999,0.100148,-0.161068,0.335846
3.1599999999999966,0.098669,-0.160512,0.33581
3.1624999999999943,0.102829,-0.162454,0.341401
3.164999999999992,0.1056,-0.16541,0.342911
3.1674999999999898,0.103126,-0.165692,0.347316
3.1699999999999875,0.10192,-0.161557,0.352841
3.172499999999985,0.109705,-0.166148,0.358104
3.174999999999983,0.108302,-0.161479,0.36008
3.1774999999999807,0.108036,-0.162071,0.361838
3.1799999999999784,0.110803,-0.166073,0.364683
3.182499999999976,0.109848,-0.16837,0.37143
3.1850000000000023,0.110009,-0.167927,0.374036
3.1875,0.115711,-0.16619,0.377817
3.1899999999999977,0.114375,-0.164832,0.379119
3.1924999999999955,0.119155,-0.166294,0.381019
3.194999999999993,0.118282,-0.164999,0.384582
3.197499999999991,0.117219,-0.165565,0.386364
3.1999999999999886,0.117861,-0.166726,0.391114
3.2024999999999864,0.120128,-0.170773,0.389277
3.204999999999984,0.123627,-0.170864,0.392019
3.207499999999982,0.123937,-0.168058,0.393806
3.2099999999999795,0.12212,-0.168192,0.394293
3.2124999999999773,0.121147,-0.167301,0.394893
3.2150000000000034,0.123622,-0.169811,0.393371
3.217500000000001,0.124208,-0.167586,0.39461
3.219999999999999,0.122879,-0.169466,0.393464
3.2224999999999966,0.123779,-0.170691,0.390604
3.2249999999999943,0.124226,-0.171283,0.392848
3.227499999999992,0.1219,-0.169986,0.389793
3.2299999999999898,0.122272,-0.174779,0.386571
3.2324999999999875,0.119733,-0.17563,0.389276
3.234999999999985,0.123457,-0.175755,0.386594
3.237499999999983,0.122251,-0.173244,0.385525
3.2399999999999807,0.119308,-0.171126,0.379419
3.2424999999999784,0.120182,-0.173228,0.380872
3.244999999999976,0.116874,-0.173022,0.374437
3.2475000000000023,0.118788,-0.1728,0.372601
3.25,0.120185,-0.172225,0.367714
3.2524999999999977,0.119016,-0.171953,0.363169
3.2549999999999955,0.118748,-0.174253,0.359675
3.257499999999993,0.116032,-0.171462,0.354535
3.259999999999991,0.11416,-0.170074,0.352136
3.2624999999999886,0.11451,-0.169894,0.348074
3.2649999999999864,0.115852,-0.168885,0.342241
3.267499999999984,0.110697,-0.169697,0.337435
3.269999999999982,0.108802,-0.165093,0.332249
3.2724999999999795,0.106389,-0.163959,0.329047
3.2749999999999773,0.108463,-0.163403,0.32162
3.2775000000000034,0.105891,-0.161441,0.320774
3.280000000000001,0.102342,-0.163199,0.314567
3.282499999999999,0.100785,-0.158024,0.302594
3.2849999999999966,0.101677,-0.15554,0.302065
3.2874999999999943,0.100474,-0.154521,0.294471
3.289999999999992,0.099847,-0.152656,0.289778
3.2924999999999898,0.095443,-0.148521,0.284689
3.2949999999999875,0.091901,-0.144173,0.280418
3.297499999999985,0.091291,-0.142919,0.27279
3.299999999999983,0.090217,-0.137584,0.268138
3.3024999999999807,0.088874,-0.136344,0.261963
3.3049999999999784,0.089226,-0.132632,0.252705
3.307499999999976,0.087103,-0.125961,0.250661
3.3100000000000023,0.085258,-0.121751,0.245188
3.3125,0.080919,-0.116347,0.2375
3.3149999999999977,0.082468,-0.116237,0.230851
3.3174999999999955,0.079154,-0.109988,0.226582
3.319999999999993,0.079305,-0.110902,0.217616
3.322499999999991,0.076894,-0.104767,0.210956
3.3249999999999886,0.068898,-0.100875,0.205345
3.3274999999999864,0.069869,-0.095759,0.202619
3.329999999999984,0.069498,-0.096302,0.194683
3.332499999999982,0.062753,-0.089493,0.18604
3.3349999999999795,0.064053,-0.091666,0.182957
3.3374999999999773,0.058424,-0.087756,0.173941
3.3400000000000034,0.056668,-0.084864,0.168002
3.342500000000001,0.052878,-0.080784,0.159696
3.344999999999999,0.051989,-0.078602,0.153894
3.3474999999999966,0.048219,-0.072089,0.148209
3.3499999999999943,0.048784,-0.073764,0.142635
3.352499999999992,0.046807,-0.0709,0.138137
3.3549999999999898,0.044935,-0.069515,0.128653
3.3574999999999875,0.042308,-0.065938,0.127474
3.359999999999985,0.03927,-0.064731,0.117152
3.362499999999983,0.036722,-0.058661,0.110086
3.3649999999999807,0.034461,-0.058468,0.106577
3.3674999999999784,0.033837,-0.053926,0.099532
3.369999999999976,0.034363,-0.052854,0.093383
3.3725000000000023,0.03306,-0.047642,0.08992
3.375,0.031596,-0.043888,0.080552
3.3774999999999977,0.028396,-0.043009,0.073336
3.3799999999999955,0.02666,-0.038362,0.066397
3.382499999999993,0.025227,-0.03577,0.060066
3.384999999999991,0.022344,-0.032394,0.054833
3.3874999999999886,0.022251,-0.025764,0.047436
3.3899999999999864,0.022738,-0.01981,0.035433
3.392499999999984,0.018092,-0.016163,0.034107
3.394999999999982,0.016405,-0.009845,0.02856
3.3974999999999795,0.014348,-0.004706,0.020958
3.3999999999999773,0.011296,-0.001349,0.013537
3.4025000000000034,0.00915,0.004884,0.008578
3.405000000000001,0.006979,0.008114,0.002577
3.407499999999999,0.004406,0.014807,-0.000747
3.4099999999999966,0.004788,0.016806,-0.011653
3.4124999999999943,-0.00222,0.025661,-0.013168
3.414999999999992,-0.008376,0.029673,-0.019412
3.4174999999999898,-0.009094,0.033089,-0.02932
3.4199999999999875,-0.015777,0.037167,-0.036238
3.422499999999985,-0.016187,0.040104,-0.041676
3.424999999999983,-0.023544,0.040081,-0.044546
3.4274999999999807,-0.025506,0.04371,-0.052679
3.4299999999999784,-0.03009,0.045947,-0.057591
3.432499999999976,-0.027117,0.049528,-0.061423
3.4350000000000023,-0.025254,0.052334,-0.073531
3.4375,-0.030191,0.054453,-0.080387
3.4399999999999977,-0.029925,0.05653,-0.085266
3.4424999999999955,-0.027561,0.058121,-0.090237
3.444999999999993,-0.029914,0.060678,-0.09356
3.447499999999991,-0.030737,0.064576,-0.100359
3.4499999999999886,-0.028659,0.06761,-0.10847
3.4524999999999864,-0.031522,0.067385,-0.115605
3.454999999999984,-0.036332,0.067686,-0.117742
3.457499999999982,-0.036895,0.071377,-0.123675
3.4599999999999795,-0.034463,0.06936,-0.129604
3.4624999999999773,-0.038129,0.074366,-0.132395
3.4650000000000034,-0.038347,0.075494,-0.13421
3.467500000000001,-0.041676,0.074343,-0.139099
3.469999999999999,-0.039573,0.075912,-0.142118
3.4724999999999966,-0.041275,0.079064,-0.145648
3.4749999999999943,-0.04397,0.082291,-0.148509
3.477499999999992,-0.038229,0.084338,-0.151491
3.4799999999999898,-0.040065,0.08313,-0.153783
3.4824999999999875,-0.042635,0.087845,-0.153986
3.484999999999985,-0.042354,0.088162,-0.155476
3.487499999999983,-0.042774,0.090089,-0.15758
3.4899999999999807,-0.041845,0.092567,-0.161846
3.4924999999999784,-0.045049,0.095069,-0.160797
3.494999999999976,-0.045046,0.095416,-0.160013
3.4975000000000023,-0.044158,0.099688,-0.163355
3.5,-0.048463,0.099235,-0.163059
3.5024999999999977,-0.04686,0.100761,-0.161457
3.5049999999999955,-0.049414,0.102033,-0.161341
3.507499999999993,-0.049894,0.100307,-0.163834
3.509999999999991,-0.048316,0.1026,-0.164016
3.5124999999999886,-0.048709,0.099937,-0.163916
3.5149999999999864,-0.047353,0.102657,-0.165203
3.517499999999984,-0.048435,0.101436,-0.168289
3.519999999999982,-0.048317,0.101093,-0.165115
3.5224999999999795,-0.046448,0.099098,-0.165902
3.5249999999999773,-0.046884,0.099736,-0.16899
3.5275000000000034,-0.047866,0.099742,-0.166371
3.530000000000001,-0.048055,0.098547,-0.165689
3.532499999999999,-0.047396,0.095423,-0.16598
3.5349999999999966,-0.043169,0.091923,-0.167149
3.5374999999999943,-0.047091,0.08954,-0.166926
3.539999999999992,-0.047094,0.090554,-0.168043
3.5424999999999898,-0.044453,0.090658,-0.165455
3.5449999999999875,-0.046306,0.091401,-0.167038
3.547499999999985,-0.04542,0.088454,-0.167269
3.549999999999983,-0.04372,0.088001,-0.170042
3.5524999999999807,-0.042681,0.087746,-0.167468
3.5549999999999784,-0.044127,0.08532,-0.170739
3.557499999999976,-0.045153,0.089958,-0.167844
3.5600000000000023,-0.047413,0.08953,-0.169593
3.5625,-0.043473,0.088392,-0.170106
3.5649999999999977,-0.045948,0.090591,-0.166984
3.5674999999999955,-0.043555,0.091896,-0.166784
3.569999999999993,-0.043155,0.093142,-0.168657
3.572499999999991,-0.043456,0.095499,-0.165652
3.5749999999999886,-0.044475,0.094197,-0.165403
3.5774999999999864,-0.041738,0.097347,-0.164843
3.579999999999984,-0.04053,0.099376,-0.161232
3.582499999999982,-0.041814,0.094763,-0.162172
3.5849999999999795,-0.039884,0.094809,-0.156224
3.5874999999999773,-0.04368,0.095337,-0.158823
3.5900000000000034,-0.044635,0.097217,-0.155094
3.592500000000001,-0.041671,0.097112,-0.15247
3.594999999999999,-0.043751,0.09653,-0.15431
3.5974999999999966,-0.042447,0.099856,-0.149031
3.5999999999999943,-0.044733,0.098488,-0.146182
3.602499999999992,-0.042623,0.100421,-0.144181
3.6049999999999898,-0.04068,0.092661,-0.143804
3.607499999999988,-0.042598,0.092997,-0.140844
3.609999999999985,-0.040427,0.097757,-0.140861
3.612499999999983,-0.043784,0.093336,-0.138249
3.6149999999999807,-0.039427,0.094006,-0.137179
3.6174999999999775,-0.039871,0.092667,-0.135672
3.619999999999976,-0.039969,0.092284,-0.133292
3.6225000000000014,-0.039214,0.091311,-0.13238
3.625,-0.039381,0.091702,-0.133644
3.6274999999999977,-0.042002,0.094347,-0.133009
3.629999999999996,-0.040314,0.089645,-0.13274
3.632499999999993,-0.04099,0.093582,-0.130866
3.634999999999991,-0.03877,0.090989,-0.13082
3.6374999999999886,-0.03898,0.089731,-0.132126
3.6399999999999855,-0.039391,0.090944,-0.13141
3.642499999999984,-0.037903,0.090172,-0.131331
3.644999999999982,-0.039142,0.092127,-0.131938
3.64749999999998,-0.038061,0.091586,-0.130966
3.649999999999977,-0.042197,0.091382,-0.132507
3.6525000000000034,-0.036542,0.092369,-0.128926
3.655000000000001,-0.036959,0.088642,-0.128748
3.657499999999999,-0.035818,0.089451,-0.130211
3.6599999999999966,-0.038587,0.090087,-0.130266
3.6624999999999934,-0.037295,0.089654,-0.131646
3.664999999999992,-0.030887,0.087006,-0.132005
3.6674999999999898,-0.041181,0.086261,-0.133656
3.669999999999988,-0.038762,0.085301,-0.131492
3.672499999999985,-0.037912,0.082328,-0.128762
3.674999999999983,-0.036541,0.082421,-0.131273
3.6774999999999807,-0.03809,0.085071,-0.133982
3.6799999999999775,-0.03978,0.086152,-0.131489
3.682499999999976,-0.036925,0.085764,-0.132884
3.6850000000000014,-0.035194,0.081281,-0.133248
3.6875,-0.037888,0.084706,-0.134254
3.6899999999999977,-0.036849,0.083207,-0.133428
3.692499999999996,-0.035888,0.081497,-0.132877
3.694999999999993,-0.036709,0.080017,-0.128162
3.697499999999991,-0.03357,0.082694,-0.128687
3.6999999999999886,-0.036125,0.080713,-0.131558
3.7024999999999855,-0.037982,0.076605,-0.129075
3.704999999999984,-0.035395,0.080029,-0.130609
3.707499999999982,-0.036076,0.079682,-0.12902
3.70999999999998,-0.033271,0.082847,-0.127904
3.712499999999977,-0.034276,0.077563,-0.127369
3.7150000000000034,-0.033182,0.077402,-0.126557
3.717500000000001,-0.033461,0.081054,-0.125265
3.719999999999999,-0.036222,0.078374,-0.124198
3.7224999999999966,-0.03451,0.073715,-0.121818
3.7249999999999934,-0.032815,0.074821,-0.122474
3.727499999999992,-0.034975,0.071951,-0.118989
3.7299999999999898,-0.035009,0.071345,-0.118133
3.732499999999988,-0.033456,0.075308,-0.114973
3.734999999999985,-0.032789,0.074864,-0.11871
3.737499999999983,-0.032116,0.070163,-0.116786
3.7399999999999807,-0.03051,0.071454,-0.11041
3.7424999999999775,-0.032412,0.066762,-0.113213
3.744999999999976,-0.028783,0.069483,-0.106364
3.7475000000000014,-0.027755,0.068723,-0.110468
3.75,-0.027221,0.068174,-0.104794
3.7524999999999977,-0.028339,0.067989,-0.102048
3.754999999999996,-0.026928,0.069993,-0.100327
3.757499999999993,-0.029562,0.065582,-0.099637
3.759999999999991,-0.026782,0.063378,-0.097711
3.7624999999999886,-0.028659,0.066025,-0.092837
3.7649999999999855,-0.024888,0.064068,-0.094406
3.767499999999984,-0.029556,0.065728,-0.091933
3.769999999999982,-0.029449,0.06552,-0.090471
3.77249999999998,-0.028569,0.059431,-0.087266
3.774999999999977,-0.030115,0.064018,-0.086839
3.7775000000000034,-0.029854,0.064313,-0.085825
3.780000000000001,-0.027835,0.061969,-0.0836
3.782499999999999,-0.025249,0.062647,-0.082511
3.7849999999999966,-0.02507,0.059734,-0.081161
3.7874999999999934,-0.022584,0.060504,-0.079782
3.789999999999992,-0.022772,0.062452,-0.075725
3.7924999999999898,-0.021294,0.057235,-0.075313
3.794999999999988,-0.020568,0.056147,-0.073172
3.797499999999985,-0.018208,0.056142,-0.070612
3.799999999999983,-0.023296,0.05608,-0.06641
3.8024999999999807,-0.020711,0.050686,-0.064173
3.8049999999999775,-0.021407,0.052839,-0.06514
3.807499999999976,-0.018528,0.047998,-0.061338
3.8100000000000014,-0.020477,0.04583,-0.06035
3.8125,-0.018902,0.044503,-0.057246
3.8149999999999977,-0.014989,0.045682,-0.055407
3.817499999999996,-0.01746,0.039593,-0.053568
3.819999999999993,-0.014661,0.037467,-0.051074
3.822499999999991,-0.013667,0.04309,-0.046749
3.8249999999999886,-0.015451,0.039022,-0.047685
3.8274999999999855,-0.017422,0.036102,-0.045633
3.829999999999984,-0.015512,0.035363,-0.043753
3.832499999999982,-0.01487,0.034373,-0.040019
3.83499999999998,-0.01515,0.034516,-0.039269
3.837499999999977,-0.014296,0.032253,-0.040124
3.8400000000000034,-0.012402,0.032903,-0.035805
3.842500000000001,-0.016858,0.031803,-0.037649
3.844999999999999,-0.01272,0.031696,-0.035676
3.8474999999999966,-0.010297,0.030804,-0.034088
3.8499999999999934,-0.01388,0.031698,-0.033192
3.852499999999992,-0.010434,0.029268,-0.034109
3.8549999999999898,-0.009583,0.030839,-0.031056
3.857499999999988,-0.010301,0.027307,-0.031014
3.859999999999985,-0.01059,0.024625,-0.026768
3.862499999999983,-0.009811,0.028314,-0.027975
3.8649999999999807,-0.010395,0.028803,-0.028259
3.8674999999999775,-0.009193,0.021633,-0.02778
3.869999999999976,-0.003856,0.022412,-0.026675
3.8725000000000014,-0.010699,0.021327,-0.024724
3.875,-0.005384,0.019626,-0.021029
3.8774999999999977,-0.008017,0.021213,-0.024787
3.879999999999996,-0.007983,0.021642,-0.023505
3.882499999999993,-0.006442,0.019716,-0.018495
3.884999999999991,-0.009842,0.017286,-0.019024
3.8874999999999886,-0.009061,0.014268,-0.019054
3.8899999999999855,-0.006661,0.016195,-0.023493
3.892499999999984,-0.004753,0.019051,-0.020654
3.894999999999982,-0.003502,0.014191,-0.019048
3.89749999999998,-0.004837,0.012837,-0.019488
3.899999999999977,-0.008869,0.0135,-0.022112
3.9025000000000034,-0.006114,0.015401,-0.017063
3.905000000000001,-0.00864,0.012504,-0.019011
3.907499999999999,-0.006606,0.012361,-0.017563
3.9099999999999966,-0.005485,0.015537,-0.016153
3.9124999999999934,-0.002958,0.014257,-0.017126
3.914999999999992,-0.005096,0.01644,-0.016928
3.9174999999999898,-0.003585,0.015927,-0.016882
3.919999999999988,-0.003487,0.01188,-0.013678
3.922499999999985,-0.002274,0.011986,-0.016803
3.924999999999983,-0.004357,0.012201,-0.014961
3.9274999999999807,-0.00177,0.012245,-0.015809
3.9299999999999775,-0.004378,0.015736,-0.011779
3.932499999999976,-0.004986,0.014407,-0.014156
3.9350000000000014,-0.003131,0.011867,-0.012547
3.9375,-0.003916,0.013623,-0.014114
3.9399999999999977,-0.00331,0.012501,-0.010276
3.942499999999996,-0.005035,0.015099,-0.010884
3.944999999999993,-0.008929,0.013279,-0.011304
3.947499999999991,-0.006631,0.014048,-0.013703
3.9499999999999886,-0.003035,0.011935,-0.011961
3.9524999999999855,-0.004713,0.015906,-0.010818
3.954999999999984,-0.006768,0.015115,-0.011545
3.957499999999982,-0.004926,0.015835,-0.010298
3.95999999999998,-0.003351,0.013088,-0.00975
3.962499999999977,-0.005759,0.013802,-0.009619
3.9650000000000034,-0.005677,0.013909,-0.009176
3.967500000000001,-0.002497,0.017274,-0.015792
3.969999999999999,-0.00599,0.014483,-0.011271
3.9724999999999966,-0.006051,0.011133,-0.011632
3.9749999999999934,-0.003253,0.015096,-0.012915
3.977499999999992,-0.005417,0.014248,-0.011432
3.9799999999999898,-0.008471,0.015386,-0.011398
3.982499999999988,-0.005293,0.016022,-0.013632
3.984999999999985,-0.007784,0.021703,-0.0112
3.987499999999983,-0.007388,0.01324,-0.00986
3.9899999999999807,-0.007847,0.014434,-0.016169
3.9924999999999775,-0.005218,0.018292,-0.012097
3.994999999999976,-0.003605,0.019761,-0.013846
3.9975000000000014,-0.004028,0.01755,-0.016452
4.0,-0.008401,0.016677,-0.016463
4.002499999999998,-0.007258,0.018268,-0.014612
4.004999999999996,-0.005707,0.017265,-0.016461
4.007499999999993,-0.006463,0.019037,-0.014104
4.009999999999991,-0.010259,0.018277,-0.014432
4.012499999999989,-0.006466,0.021584,-0.020821
4.014999999999986,-0.005887,0.018539,-0.018513
4.017499999999984,-0.009447,0.020383,-0.019914
4.019999999999982,-0.009362,0.024294,-0.023066
4.02249999999998,-0.009546,0.02541,-0.020833
4.024999999999977,-0.008912,0.022259,-0.021793
4.027500000000003,-0.00861,0.023964,-0.02289
4.030000000000001,-0.010186,0.024158,-0.020872
4.032499999999999,-0.009345,0.021362,-0.027992
4.034999999999997,-0.007841,0.024737,-0.023749
4.037499999999994,-0.010668,0.024126,-0.024186
4.039999999999992,-0.00938,0.024229,-0.023711
4.04249999999999,-0.009526,0.023737,-0.025967
4.044999999999988,-0.009328,0.027437,-0.027829
4.047499999999985,-0.011806,0.02837,-0.029902
4.049999999999983,-0.010885,0.025428,-0.028345
4.052499999999981,-0.009796,0.026334,-0.031285
4.054999999999978,-0.007991,0.027973,-0.032337
4.057499999999976,-0.009902,0.027194,-0.033271
4.060000000000002,-0.012328,0.027981,-0.03404
4.0625,-0.012581,0.02839,-0.034776
4.064999999999998,-0.010891,0.03209,-0.037283
4.067499999999996,-0.010467,0.029736,-0.037877
4.069999999999993,-0.013655,0.033794,-0.037438
4.072499999999991,-0.014515,0.032965,-0.039092
4.074999999999989,-0.012098,0.0298,-0.038059
4.077499999999986,-0.013307,0.030486,-0.043347
4.079999999999984,-0.014828,0.03216,-0.042699
4.082499999999982,-0.010793,0.032219,-0.044835
4.08499999999998,-0.013801,0.032113,-0.043607
4.087499999999977,-0.012128,0.031919,-0.045614
4.090000000000003,-0.016034,0.032715,-0.049187
4.092500000000001,-0.016135,0.031156,-0.046273
4.094999999999999,-0.014241,0.031848,-0.047599
4.097499999999997,-0.014056,0.033373,-0.047761
4.099999999999994,-0.013897,0.032624,-0.045101
4.102499999999992,-0.014855,0.032837,-0.04832
4.10499999999999,-0.012191,0.034697,-0.049707
4.107499999999988,-0.014417,0.034273,-0.050612
4.109999999999985,-0.016606,0.034447,-0.049336
4.112499999999983,-0.015205,0.035972,-0.05257
4.114999999999981,-0.016671,0.033831,-0.052117
4.117499999999978,-0.016329,0.039824,-0.0523
4.119999999999976,-0.016122,0.036628,-0.053476
4.122500000000002,-0.016397,0.03775,-0.0554
4.125,-0.016944,0.036598,-0.055513
4.127499999999998,-0.01584,0.036321,-0.05538
4.129999999999996,-0.014083,0.037398,-0.0543
4.132499999999993,-0.016462,0.035959,-0.055831
4.134999999999991,-0.01433,0.033344,-0.055978
4.137499999999989,-0.015128,0.036689,-0.0532
4.139999999999986,-0.018117,0.03638,-0.054818
4.142499999999984,-0.016962,0.038043,-0.054482
4.144999999999982,-0.012162,0.039221,-0.057559
4.14749999999998,-0.01805,0.040687,-0.060456
4.149999999999977,-0.01708,0.03861,-0.058053
4.152500000000003,-0.016628,0.040176,-0.057194
4.155000000000001,-0.015572,0.040326,-0.059037
4.157499999999999,-0.017987,0.037902,-0.056799
4.159999999999997,-0.017235,0.038243,-0.057448
4.162499999999994,-0.018173,0.040091,-0.056817
4.164999999999992,-0.015406,0.042977,-0.057143
4.16749999999999,-0.014091,0.039396,-0.058241
4.169999999999988,-0.017045,0.041527,-0.061134
4.172499999999985,-0.014718,0.040484,-0.060524
4.174999999999983,-0.016264,0.041381,-0.059266
4.177499999999981,-0.014539,0.040834,-0.060441
4.179999999999978,-0.016738,0.041691,-0.059566
4.182499999999976,-0.01843,0.040445,-0.059293
4.185000000000002,-0.017571,0.038906,-0.063151
4.1875,-0.018485,0.043093,-0.058864
4.189999999999998,-0.019239,0.042445,-0.059071
4.192499999999996,-0.020185,0.042001,-0.05904
4.194999999999993,-0.019169,0.041201,-0.058962
4.197499999999991,-0.019051,0.038437,-0.061674
4.199999999999989,-0.014775,0.039839,-0.061822
4.202499999999986,-0.01605,0.039253,-0.064489
4.204999999999984,-0.0176,0.040934,-0.05973
4.207499999999982,-0.019777,0.043117,-0.059547
4.20999999999998,-0.015351,0.041487,-0.058281
4.212499999999977,-0.015607,0.042281,-0.061499
4.215000000000003,-0.015432,0.040234,-0.057104
4.217500000000001,-0.017117,0.04149,-0.05945
4.219999999999999,-0.015029,0.041243,-0.060695
4.222499999999997,-0.015862,0.03965,-0.060818
4.224999999999994,-0.017065,0.042988,-0.056472
4.227499999999992,-0.015688,0.039021,-0.055735
4.22999999999999,-0.011185,0.038036,-0.056881
4.232499999999988,-0.019209,0.040304,-0.05734
4.234999999999985,-0.015636,0.037833,-0.054123
4.237499999999983,-0.01446,0.03738,-0.054635
4.239999999999981,-0.012575,0.035866,-0.054811
4.242499999999978,-0.014465,0.039411,-0.050725
4.244999999999976,-0.016968,0.034475,-0.053024
4.247500000000002,-0.013779,0.038859,-0.049692
4.25,-0.012124,0.03113,-0.047679
4.252499999999998,-0.013322,0.032575,-0.048308
4.254999999999996,-0.013071,0.03005,-0.044747
4.257499999999993,-0.010552,0.0351,-0.045525
4.259999999999991,-0.012651,0.030377,-0.044248
4.262499999999989,-0.01373,0.031339,-0.044018
4.264999999999986,-0.009932,0.030699,-0.040959
4.267499999999984,-0.008616,0.028325,-0.039205
4.269999999999982,-0.012387,0.027882,-0.036497
4.27249999999998,-0.009944,0.02586,-0.037149
4.274999999999977,-0.011314,0.022849,-0.031458
4.277500000000003,-0.008455,0.022232,-0.030033
4.280000000000001,-0.008491,0.020281,-0.031784
4.282499999999999,-0.007774,0.021102,-0.028881
4.284999999999997,-0.007583,0.02021,-0.02799
4.287499999999994,-0.005841,0.019556,-0.020151
4.289999999999992,-0.003655,0.015939,-0.023274
4.29249999999999,-0.007208,0.017906,-0.015248
4.294999999999988,-0.002652,0.016855,-0.015555
4.297499999999985,-0.002182,0.014658,-0.011384
4.299999999999983,-0.002408,0.013606,-0.010467
4.302499999999981,-0.003429,0.012905,-0.008149
4.304999999999978,-0.002506,0.009844,-0.003783
4.307499999999976,-0.002299,0.009713,0.000937
4.310000000000002,-0.000998,0.007794,-0.003164
4.3125,-0.000617,0.004751,0.000515
4.314999999999998,-0.000496,0.002385,0.004064
4.317499999999996,0.001351,0.005787,0.009201
4.319999999999993,0.000545,0.00067,0.009523
4.322499999999991,-0.001019,0.000452,0.012756
4.324999999999989,0.001889,0.001264,0.014245
4.327499999999986,8e-06,0.000664,0.018021
4.329999999999984,0.004539,-0.005186,0.019741
4.332499999999982,0.004264,-0.004856,0.020304
4.33499999999998,0.002754,-0.00391,0.023908
4.337499999999977,0.006007,-0.005175,0.027573
4.340000000000003,0.006979,-0.005373,0.025698
4.342500000000001,0.004482,-0.006877,0.028939
4.344999999999999,0.009084,-0.011863,0.030449
4.347499999999997,0.012306,-0.010769,0.031862
4.349999999999994,0.011411,-0.013086,0.030188
4.352499999999992,0.011895,-0.01439,0.034226
4.35499999999999,0.004558,-0.01491,0.037772
4.357499999999988,0.007359,-0.016932,0.044508
4.359999999999985,0.011911,-0.018468,0.040912
4.362499999999983,0.011244,-0.020282,0.042806
4.364999999999981,0.014228,-0.023001,0.045555
4.367499999999978,0.009654,-0.021318,0.048036
4.369999999999976,0.013331,-0.022563,0.051767
4.372500000000002,0.013501,-0.025263,0.04972
4.375,0.014374,-0.024083,0.051974
4.377499999999998,0.017428,-0.028397,0.050154
4.379999999999996,0.013456,-0.029093,0.056269
4.382499999999993,0.015622,-0.032203,0.058223
4.384999999999991,0.017672,-0.02967,0.059385
4.387499999999989,0.017072,-0.035329,0.06121
4.389999999999986,0.014638,-0.029443,0.063541
4.392499999999984,0.016116,-0.028707,0.063712
4.394999999999982,0.018055,-0.031497,0.067992
4.39749999999998,0.017706,-0.031456,0.074894
4.399999999999977,0.019185,-0.033531,0.072961
4.402500000000003,0.018818,-0.032637,0.073459
4.405000000000001,0.022956,-0.036283,0.072742
4.407499999999999,0.024099,-0.036268,0.077044
4.409999999999997,0.019365,-0.034402,0.074755
4.412499999999994,0.020842,-0.03559,0.078773
4.414999999999992,0.020276,-0.040795,0.08266
4.41749999999999,0.021087,-0.041944,0.084198
4.419999999999988,0.01983,-0.040688,0.085931
4.422499999999985,0.024212,-0.045143,0.086223
4.424999999999983,0.02375,-0.047387,0.088281
4.427499999999981,0.023799,-0.045018,0.090622
4.429999999999978,0.023506,-0.044183,0.092056
4.432499999999976,0.025304,-0.048141,0.095003
4.435000000000002,0.02427,-0.049417,0.095152
4.4375,0.026796,-0.050029,0.095093
4.439999999999998,0.031468,-0.051346,0.096547
4.442499999999996,0.024226,-0.053863,0.098654
4.444999999999993,0.027081,-0.053136,0.104853
4.447499999999991,0.028788,-0.053078,0.106274
4.449999999999989,0.028517,-0.050852,0.106978
4.452499999999986,0.027115,-0.056137,0.108629
4.454999999999984,0.027382,-0.053869,0.111013
4.457499999999982,0.031914,-0.056577,0.110631
4.45999999999998,0.029961,-0.056392,0.11254
4.462499999999977,0.030532,-0.058289,0.114695
4.465000000000003,0.026543,-0.057548,0.117739
4.467500000000001,0.032496,-0.060132,0.115309
4.469999999999999,0.030943,-0.059244,0.122631
4.472499999999997,0.03523,-0.059894,0.121333
4.474999999999994,0.032768,-0.061914,0.121795
4.477499999999992,0.032268,-0.062637,0.12505
4.47999999999999,0.03231,-0.061175,0.126562
4.482499999999988,0.034795,-0.064543,0.130191
4.484999999999985,0.035364,-0.063151,0.13062
4.487499999999983,0.034226,-0.062202,0.129016
4.489999999999981,0.032766,-0.065541,0.130554
4.492499999999978,0.034524,-0.066705,0.130504
4.494999999999976,0.034905,-0.066365,0.131329
4.497500000000002,0.035364,-0.065468,0.132608
4.5,0.033605,-0.067592,0.134034
4.502499999999998,0.034735,-0.06751,0.138166
4.504999999999996,0.037428,-0.065733,0.134493
4.507499999999993,0.035349,-0.066172,0.1376
4.509999999999991,0.03827,-0.068782,0.139023
4.512499999999989,0.035468,-0.069483,0.136776
4.514999999999986,0.0362,-0.068632,0.136947
4.517499999999984,0.036031,-0.068426,0.138418
4.519999999999982,0.036695,-0.071271,0.138634
4.52249999999998,0.036017,-0.068514,0.138456
4.524999999999977,0.036822,-0.0696,0.138014
4.527500000000003,0.036762,-0.070985,0.138714
4.530000000000001,0.039611,-0.070122,0.137926
4.532499999999999,0.037514,-0.068825,0.137731
4.534999999999997,0.038644,-0.068825,0.140979
